<?xml version="1.0" encoding="UTF-8"?><CapabilityStatement xmlns="http://hl7.org/fhir"><id value="fhir-directory-query-basic-endpoint"/><text><status value="extensions"/><div xmlns="http://www.w3.org/1999/xhtml"><h2>CapabilityStatementFhirDirectoryQuerybasicEndpoint</h2><div><p>Capabilities for a basic Query Server for Health Services where endpoint search capabilities are met</p>
</div><table><tr><td>Mode</td><td>SERVER</td></tr><tr><td>Description</td><td><div><p>A Federated Query server <strong>SHALL</strong>:</p>
<ol>
<li>Support all profiles defined in this Implementation Guide..</li>
<li>Implement the RESTful behavior according to the FHIR specification.</li>
<li>Return the following response classes:
<ul>
<li>(Status 400): invalid parameter</li>
<li>(Status 401/4xx): unauthorized request</li>
<li>(Status 403): insufficient scope</li>
<li>(Status 404): unknown resource</li>
<li>(Status 410): deleted resource.</li>
</ul>
</li>
<li>Support json source formats for all Federated Query interactions.</li>
<li>Identify the Federated Query  profiles supported as part of the FHIR <code>meta.profile</code> attribute for each instance.</li>
<li>Support the searchParameters on each profile individually and in combination.</li>
</ol>
<p>The Federated Query Server <strong>SHOULD</strong>:</p>
<ol>
<li>Support xml source formats for all Federated Query interactions.</li>
</ol>
</div></td></tr><tr><td>Transaction</td><td></td></tr><tr><td>System History</td><td></td></tr><tr><td>System Search</td><td></td></tr></table><table><tr><th><b>Resource Type</b></th><th><b>Profile</b></th><th><b title="GET a resource (read interaction)">Read</b></th><th><b title="GET all set of resources of the type (search interaction)">Search</b></th><th><b title="PUT a new resource version (update interaction)">Update</b></th><th><b title="POST a new resource (create interaction)">Create</b></th></tr><tr><td>endpoint</td><td>Supported profiles:<br/>  <a href="https://build.fhir.org/ig/HL7/fhir-directory-query/StructureDefinition-NatlDirEndpointQry-Endpoint.html">https://build.fhir.org/ig/HL7/fhir-directory-query/StructureDefinition-NatlDirEndpointQry-Endpoint.html</a></td><td></td><td></td><td></td><td></td></tr><tr><td>healthcareService</td><td>Supported profiles:<br/>  <a href="https://build.fhir.org/ig/HL7/fhir-directory-query/StructureDefinition-NatlDirEndpointQry-HealthcareService.html">https://build.fhir.org/ig/HL7/fhir-directory-query/StructureDefinition-NatlDirEndpointQry-HealthcareService.html</a></td><td></td><td></td><td></td><td></td></tr><tr><td>InsurancePlan</td><td>Supported profiles:<br/>  <a href="https://build.fhir.org/ig/HL7/fhir-directory-query/StructureDefinition-NatlDirEndpointQry-InsurancePlan.html">https://build.fhir.org/ig/HL7/fhir-directory-query/StructureDefinition-NatlDirEndpointQry-InsurancePlan.html</a></td><td></td><td></td><td></td><td></td></tr><tr><td>location</td><td>Supported profiles:<br/>  <a href="https://build.fhir.org/ig/HL7/fhir-directory-query/StructureDefinition-NatlDirEndpointQry-location.html">https://build.fhir.org/ig/HL7/fhir-directory-query/StructureDefinition-NatlDirEndpointQry-location.html</a></td><td></td><td></td><td></td><td></td></tr><tr><td>network</td><td>Supported profiles:<br/>  <a href="https://build.fhir.org/ig/HL7/fhir-directory-query/StructureDefinition-NatlDirEndpointQry-network.html">https://build.fhir.org/ig/HL7/fhir-directory-query/StructureDefinition-NatlDirEndpointQry-network.html</a></td><td></td><td></td><td></td><td></td></tr><tr><td>organization</td><td>Supported profiles:<br/>  <a href="https://build.fhir.org/ig/HL7/fhir-directory-query/StructureDefinition-NatlDirEndpointQry-organization.html">https://build.fhir.org/ig/HL7/fhir-directory-query/StructureDefinition-NatlDirEndpointQry-organization.html</a></td><td></td><td></td><td></td><td></td></tr><tr><td>OrganizationAffiliation</td><td>Supported profiles:<br/>  <a href="https://build.fhir.org/ig/HL7/fhir-directory-query/StructureDefinition-NatlDirEndpointQry-OrganizationAffiliation.html">https://build.fhir.org/ig/HL7/fhir-directory-query/StructureDefinition-NatlDirEndpointQry-OrganizationAffiliation.html</a></td><td></td><td></td><td></td><td></td></tr><tr><td>Practitioner</td><td>Supported profiles:<br/>  <a href="https://build.fhir.org/ig/HL7/fhir-directory-query/StructureDefinition-NatlDirEndpointQry-Practitioner.html">https://build.fhir.org/ig/HL7/fhir-directory-query/StructureDefinition-NatlDirEndpointQry-Practitioner.html</a></td><td></td><td></td><td></td><td></td></tr><tr><td>PractitionerRole</td><td>Supported profiles:<br/>  <a href="https://build.fhir.org/ig/HL7/fhir-directory-query/StructureDefinition-NatlDirEndpointQry-PractitionerRole.html">https://build.fhir.org/ig/HL7/fhir-directory-query/StructureDefinition-NatlDirEndpointQry-PractitionerRole.html</a></td><td></td><td></td><td></td><td></td></tr><tr><td>Restriction</td><td>Supported profiles:<br/>  <a href="https://build.fhir.org/ig/HL7/fhir-directory-query/StructureDefinition-NatlDirEndpointQry-Restriction.html">https://build.fhir.org/ig/HL7/fhir-directory-query/StructureDefinition-NatlDirEndpointQry-Restriction.html</a></td><td></td><td></td><td></td><td></td></tr><tr><td>Validation</td><td>Supported profiles:<br/>  <a href="https://build.fhir.org/ig/HL7/fhir-directory-query/StructureDefinition-NatlDirEndpointQry-Validation.html">https://build.fhir.org/ig/HL7/fhir-directory-query/StructureDefinition-NatlDirEndpointQry-Validation.html</a></td><td></td><td></td><td></td><td></td></tr><tr><td>CareTeam</td><td>Supported profiles:<br/>  <a href="https://build.fhir.org/ig/HL7/fhir-directory-query/StructureDefinition-NatlDirEndpointQry-CareTeam.html">https://build.fhir.org/ig/HL7/fhir-directory-query/StructureDefinition-NatlDirEndpointQry-CareTeam.html</a></td><td></td><td></td><td></td><td></td></tr></table></div></text><url value="http://hl7.org/fhir/us/fhir-directory-query/CapabilityStatement/fhir-directory-query-basic-endpoint"/><version value="0.0.1"/><name value="CapabilityStatementFhirDirectoryQuerybasicEndpoint"/><title value="Capability Statement Basic Federated Endpoint Server  "/><status value="draft"/><experimental value="true"/><date value="2022-02-15T07:15:00.000000-04:00"/><publisher value="HL7 Patient Administration Working Group"/><contact><name value="HL7 Patient Administration Working Group"/><telecom><system value="url"/><value value="https://www.hl7.org/Special/committees/pafm/index.cfm"/></telecom><telecom><system value="email"/><value value="pafm@lists.HL7.org"/></telecom></contact><description value="Capabilities for a basic Query Server for Health Services where endpoint search capabilities are met"/><jurisdiction><coding><system value="urn:iso:std:iso:3166"/><code value="US"/></coding></jurisdiction><kind value="requirements"/><fhirVersion value="4.0.1"/><format value="xml"/><format value="json"/><implementationGuide value="https://build.fhir.org/ig/HL7/fhir-directory-query/"/><rest><mode value="server"/><documentation value="A Federated Query server **SHALL**:&#xA;&#xA;1. Support all profiles defined in this Implementation Guide..&#xA;1.  Implement the RESTful behavior according to the FHIR specification.&#xA;1. Return the following response classes:&#xA;   - (Status 400): invalid parameter&#xA;   - (Status 401/4xx): unauthorized request&#xA;   - (Status 403): insufficient scope&#xA;   - (Status 404): unknown resource&#xA;   - (Status 410): deleted resource.&#xA;1. Support json source formats for all Federated Query interactions.&#xA;1. Identify the Federated Query  profiles supported as part of the FHIR `meta.profile` attribute for each instance.&#xA;1. Support the searchParameters on each profile individually and in combination.&#xA;&#xA;The Federated Query Server **SHOULD**:&#xA;&#xA;1. Support xml source formats for all Federated Query interactions.&#xA;"/><security><description value="1. See the [General Security Considerations](https://www.hl7.org/fhir/security.html#general) section for requirements and recommendations.&#xA;1. A client **SHALL** reject any unauthorized requests by returning an `HTTP 401` unauthorized response code."/></security><resource><extension url="http://hl7.org/fhir/StructureDefinition/capabilitystatement-expectation"><valueCode value="SHALL"/></extension><type value="endpoint"/><supportedProfile value="https://build.fhir.org/ig/HL7/fhir-directory-query/StructureDefinition-NatlDirEndpointQry-Endpoint.html"><extension url="http://hl7.org/fhir/StructureDefinition/capabilitystatement-expectation"><valueCode value="SHALL"/></extension></supportedProfile><searchParam><extension url="http://hl7.org/fhir/StructureDefinition/capabilitystatement-expectation"><valueCode value="SHALL"/></extension><name value="identifier"/><definition value="https://build.fhir.org/ig/HL7/fhir-directory-query/SearchParameter-endpoint-identifier"/><type value="token"/></searchParam><searchParam><extension url="http://hl7.org/fhir/StructureDefinition/capabilitystatement-expectation"><valueCode value="SHALL"/></extension><name value="usecase-type"/><definition value="https://build.fhir.org/ig/HL7/fhir-directory-query/SearchParameter-endpoint-usecase-type.html"/><type value="token"/></searchParam></resource><resource><type value="healthcareService"/><supportedProfile value="https://build.fhir.org/ig/HL7/fhir-directory-query/StructureDefinition-NatlDirEndpointQry-HealthcareService.html"><extension url="http://hl7.org/fhir/StructureDefinition/capabilitystatement-expectation"><valueCode value="MAY"/></extension></supportedProfile><searchParam><extension url="http://hl7.org/fhir/StructureDefinition/capabilitystatement-expectation"><valueCode value="SHALL"/></extension><name value="service-category"/><definition value="https://build.fhir.org/ig/HL7/fhir-directory-query/SearchParameter-HealthcareService-service-category"/><type value="token"/></searchParam><searchParam><extension url="http://hl7.org/fhir/StructureDefinition/capabilitystatement-expectation"><valueCode value="SHALL"/></extension><name value="coverage-area"/><definition value="https://build.fhir.org/ig/HL7/fhir-directory-query/SearchParameter-HealthcareService-coverage-area"/><type value="token"/></searchParam><searchParam><extension url="http://hl7.org/fhir/StructureDefinition/capabilitystatement-expectation"><valueCode value="SHALL"/></extension><name value="endpoint"/><definition value="https://build.fhir.org/ig/HL7/fhir-directory-query/SearchParameter-HealthcareService-endpoint"/><type value="token"/></searchParam><searchParam><extension url="http://hl7.org/fhir/StructureDefinition/capabilitystatement-expectation"><valueCode value="SHALL"/></extension><name value="location"/><definition value="https://build.fhir.org/ig/HL7/fhir-directory-query/SearchParameter-HealthcareService-location"/><type value="token"/></searchParam><searchParam><extension url="http://hl7.org/fhir/StructureDefinition/capabilitystatement-expectation"><valueCode value="SHALL"/></extension><name value="name"/><definition value="https://build.fhir.org/ig/HL7/fhir-directory-query/SearchParameter-HealthcareService-name"/><type value="token"/></searchParam><searchParam><extension url="http://hl7.org/fhir/StructureDefinition/capabilitystatement-expectation"><valueCode value="SHALL"/></extension><name value="organization"/><definition value="https://build.fhir.org/ig/HL7/fhir-directory-query/SearchParameter-HealthcareService-organization"/><type value="token"/></searchParam><searchParam><extension url="http://hl7.org/fhir/StructureDefinition/capabilitystatement-expectation"><valueCode value="SHALL"/></extension><name value="specialty"/><definition value="https://build.fhir.org/ig/HL7/fhir-directory-query/SearchParameter-HealthcareService-specialty"/><type value="token"/></searchParam><searchParam><extension url="http://hl7.org/fhir/StructureDefinition/capabilitystatement-expectation"><valueCode value="SHALL"/></extension><name value="service-type"/><definition value="https://build.fhir.org/ig/HL7/fhir-directory-query/SearchParameter-HealthcareService-service-type"/><type value="token"/></searchParam></resource><resource><type value="InsurancePlan"/><supportedProfile value="https://build.fhir.org/ig/HL7/fhir-directory-query/StructureDefinition-NatlDirEndpointQry-InsurancePlan.html"><extension url="http://hl7.org/fhir/StructureDefinition/capabilitystatement-expectation"><valueCode value="MAY"/></extension></supportedProfile><searchParam><extension url="http://hl7.org/fhir/StructureDefinition/capabilitystatement-expectation"><valueCode value="SHALL"/></extension><name value="coverage-area"/><definition value="https://build.fhir.org/ig/HL7/fhir-directory-query/SearchParameter-InsurancePlan-coverage-area"/><type value="token"/></searchParam><searchParam><extension url="http://hl7.org/fhir/StructureDefinition/capabilitystatement-expectation"><valueCode value="SHALL"/></extension><name value="administrated-by"/><definition value="https://build.fhir.org/ig/HL7/fhir-directory-query/SearchParameter-InsurancePlan-administrated-by"/><type value="token"/></searchParam><searchParam><extension url="http://hl7.org/fhir/StructureDefinition/capabilitystatement-expectation"><valueCode value="SHALL"/></extension><name value="coverage-benefit-type"/><definition value="https://build.fhir.org/ig/HL7/fhir-directory-query/SearchParameter-InsurancePlan-coverage-benefit-type"/><type value="token"/></searchParam><searchParam><extension url="http://hl7.org/fhir/StructureDefinition/capabilitystatement-expectation"><valueCode value="SHALL"/></extension><name value="coverage-network"/><definition value="https://build.fhir.org/ig/HL7/fhir-directory-query/SearchParameter-InsurancePlan-coverage-network"/><type value="token"/></searchParam><searchParam><extension url="http://hl7.org/fhir/StructureDefinition/capabilitystatement-expectation"><valueCode value="SHALL"/></extension><name value="identifier"/><definition value="https://build.fhir.org/ig/HL7/fhir-directory-query/SearchParameter-InsurancePlan-identifier"/><type value="token"/></searchParam><searchParam><extension url="http://hl7.org/fhir/StructureDefinition/capabilitystatement-expectation"><valueCode value="SHALL"/></extension><name value="type"/><definition value="https://build.fhir.org/ig/HL7/fhir-directory-query/SearchParameter-InsurancePlan-type"/><type value="token"/></searchParam><searchParam><extension url="http://hl7.org/fhir/StructureDefinition/capabilitystatement-expectation"><valueCode value="SHALL"/></extension><name value="name"/><definition value="https://build.fhir.org/ig/HL7/fhir-directory-query/SearchParameter-InsurancePlan-name"/><type value="token"/></searchParam><searchParam><extension url="http://hl7.org/fhir/StructureDefinition/capabilitystatement-expectation"><valueCode value="SHALL"/></extension><name value="owned-by"/><definition value="https://build.fhir.org/ig/HL7/fhir-directory-query/SearchParameter-InsurancePlan-owned-by"/><type value="token"/></searchParam></resource><resource><type value="location"/><supportedProfile value="https://build.fhir.org/ig/HL7/fhir-directory-query/StructureDefinition-NatlDirEndpointQry-location.html"><extension url="http://hl7.org/fhir/StructureDefinition/capabilitystatement-expectation"><valueCode value="SHOULD"/></extension></supportedProfile><searchParam><extension url="http://hl7.org/fhir/StructureDefinition/capabilitystatement-expectation"><valueCode value="SHALL"/></extension><name value="address"/><definition value="https://build.fhir.org/ig/HL7/fhir-directory-query/SearchParameter-location-address"/><type value="token"/></searchParam><searchParam><extension url="http://hl7.org/fhir/StructureDefinition/capabilitystatement-expectation"><valueCode value="SHALL"/></extension><name value="endpoint"/><definition value="https://build.fhir.org/ig/HL7/fhir-directory-query/SearchParameter-location-endpoint"/><type value="token"/></searchParam><searchParam><extension url="http://hl7.org/fhir/StructureDefinition/capabilitystatement-expectation"><valueCode value="SHALL"/></extension><name value="organization"/><definition value="https://build.fhir.org/ig/HL7/fhir-directory-query/SearchParameter-location-organization"/><type value="token"/></searchParam><searchParam><extension url="http://hl7.org/fhir/StructureDefinition/capabilitystatement-expectation"><valueCode value="SHALL"/></extension><name value="physicalType"/><definition value="https://build.fhir.org/ig/HL7/fhir-directory-query/SearchParameter-location-physicalType"/><type value="token"/></searchParam><searchParam><extension url="http://hl7.org/fhir/StructureDefinition/capabilitystatement-expectation"><valueCode value="SHALL"/></extension><name value="partOf"/><definition value="https://build.fhir.org/ig/HL7/fhir-directory-query/SearchParameter-location-partOf"/><type value="token"/></searchParam><searchParam><extension url="http://hl7.org/fhir/StructureDefinition/capabilitystatement-expectation"><valueCode value="SHALL"/></extension><name value="type"/><definition value="https://build.fhir.org/ig/HL7/fhir-directory-query/SearchParameter-location-type"/><type value="token"/></searchParam></resource><resource><type value="network"/><supportedProfile value="https://build.fhir.org/ig/HL7/fhir-directory-query/StructureDefinition-NatlDirEndpointQry-network.html"><extension url="http://hl7.org/fhir/StructureDefinition/capabilitystatement-expectation"><valueCode value="MAY"/></extension></supportedProfile><searchParam><extension url="http://hl7.org/fhir/StructureDefinition/capabilitystatement-expectation"><valueCode value="SHALL"/></extension><name value="coverage-area"/><definition value="https://build.fhir.org/ig/HL7/fhir-directory-query/SearchParameter-location-coverage-area"/><type value="token"/></searchParam><searchParam><extension url="http://hl7.org/fhir/StructureDefinition/capabilitystatement-expectation"><valueCode value="SHALL"/></extension><name value="name"/><definition value="https://build.fhir.org/ig/HL7/fhir-directory-query/SearchParameter-network-name"/><type value="token"/></searchParam></resource><resource><type value="organization"/><supportedProfile value="https://build.fhir.org/ig/HL7/fhir-directory-query/StructureDefinition-NatlDirEndpointQry-organization.html"><extension url="http://hl7.org/fhir/StructureDefinition/capabilitystatement-expectation"><valueCode value="SHALL"/></extension></supportedProfile><searchParam><extension url="http://hl7.org/fhir/StructureDefinition/capabilitystatement-expectation"><valueCode value="SHALL"/></extension><name value="type"/><definition value="https://build.fhir.org/ig/HL7/fhir-directory-query/SearchParameter-organization-type"/><type value="token"/></searchParam><searchParam><extension url="http://hl7.org/fhir/StructureDefinition/capabilitystatement-expectation"><valueCode value="SHALL"/></extension><name value="address"/><definition value="https://build.fhir.org/ig/HL7/fhir-directory-query/SearchParameter-organization-address"/><type value="token"/></searchParam><searchParam><extension url="http://hl7.org/fhir/StructureDefinition/capabilitystatement-expectation"><valueCode value="SHALL"/></extension><name value="endpoint"/><definition value="https://build.fhir.org/ig/HL7/fhir-directory-query/SearchParameter-organization-endpoint"/><type value="token"/></searchParam><searchParam><extension url="http://hl7.org/fhir/StructureDefinition/capabilitystatement-expectation"><valueCode value="SHALL"/></extension><name value="identifier"/><definition value="https://build.fhir.org/ig/HL7/fhir-directory-query/SearchParameter-organization-identifier"/><type value="token"/></searchParam><searchParam><extension url="http://hl7.org/fhir/StructureDefinition/capabilitystatement-expectation"><valueCode value="SHALL"/></extension><name value="name"/><definition value="https://build.fhir.org/ig/HL7/fhir-directory-query/SearchParameter-organization-name"/><type value="token"/></searchParam><searchParam><extension url="http://hl7.org/fhir/StructureDefinition/capabilitystatement-expectation"><valueCode value="SHALL"/></extension><name value="partOf"/><definition value="https://build.fhir.org/ig/HL7/fhir-directory-query/SearchParameter-organization-partOf"/><type value="token"/></searchParam></resource><resource><type value="OrganizationAffiliation"/><supportedProfile value="https://build.fhir.org/ig/HL7/fhir-directory-query/StructureDefinition-NatlDirEndpointQry-OrganizationAffiliation.html"><extension url="http://hl7.org/fhir/StructureDefinition/capabilitystatement-expectation"><valueCode value="MAY"/></extension></supportedProfile><searchParam><extension url="http://hl7.org/fhir/StructureDefinition/capabilitystatement-expectation"><valueCode value="SHALL"/></extension><name value="endpoint"/><definition value="https://build.fhir.org/ig/HL7/fhir-directory-query/SearchParameter-OrganizationAffiliation-endpoint"/><type value="token"/></searchParam><searchParam><extension url="http://hl7.org/fhir/StructureDefinition/capabilitystatement-expectation"><valueCode value="SHALL"/></extension><name value="location"/><definition value="https://build.fhir.org/ig/HL7/fhir-directory-query/SearchParameter-OrganizationAffiliation-location"/><type value="token"/></searchParam><searchParam><extension url="http://hl7.org/fhir/StructureDefinition/capabilitystatement-expectation"><valueCode value="SHALL"/></extension><name value="network"/><definition value="https://build.fhir.org/ig/HL7/fhir-directory-query/SearchParameter-OrganizationAffiliation-network"/><type value="token"/></searchParam><searchParam><extension url="http://hl7.org/fhir/StructureDefinition/capabilitystatement-expectation"><valueCode value="SHALL"/></extension><name value="participating-organization"/><definition value="https://build.fhir.org/ig/HL7/fhir-directory-query/SearchParameter-OrganizationAffiliation-participating-organization"/><type value="token"/></searchParam><searchParam><extension url="http://hl7.org/fhir/StructureDefinition/capabilitystatement-expectation"><valueCode value="SHALL"/></extension><name value="primary-organization"/><definition value="https://build.fhir.org/ig/HL7/fhir-directory-query/SearchParameter-OrganizationAffiliation-primary-organization"/><type value="token"/></searchParam><searchParam><extension url="http://hl7.org/fhir/StructureDefinition/capabilitystatement-expectation"><valueCode value="SHALL"/></extension><name value="role"/><definition value="https://build.fhir.org/ig/HL7/fhir-directory-query/SearchParameter-OrganizationAffiliation-role"/><type value="token"/></searchParam><searchParam><extension url="http://hl7.org/fhir/StructureDefinition/capabilitystatement-expectation"><valueCode value="SHALL"/></extension><name value="service"/><definition value="https://build.fhir.org/ig/HL7/fhir-directory-query/SearchParameter-OrganizationAffiliation-service"/><type value="token"/></searchParam><searchParam><extension url="http://hl7.org/fhir/StructureDefinition/capabilitystatement-expectation"><valueCode value="SHALL"/></extension><name value="specialty"/><definition value="https://build.fhir.org/ig/HL7/fhir-directory-query/SearchParameter-OrganizationAffiliation-specialty"/><type value="token"/></searchParam></resource><resource><type value="Practitioner"/><supportedProfile value="https://build.fhir.org/ig/HL7/fhir-directory-query/StructureDefinition-NatlDirEndpointQry-Practitioner.html"><extension url="http://hl7.org/fhir/StructureDefinition/capabilitystatement-expectation"><valueCode value="SHOULD"/></extension></supportedProfile><searchParam><extension url="http://hl7.org/fhir/StructureDefinition/capabilitystatement-expectation"><valueCode value="SHALL"/></extension><name value="name"/><definition value="https://build.fhir.org/ig/HL7/fhir-directory-query/SearchParameter-Practitioner-name"/><type value="token"/></searchParam><searchParam><extension url="http://hl7.org/fhir/StructureDefinition/capabilitystatement-expectation"><valueCode value="SHALL"/></extension><name value="family"/><definition value="https://build.fhir.org/ig/HL7/fhir-directory-query/SearchParameter-Practitioner-family"/><type value="token"/></searchParam><searchParam><extension url="http://hl7.org/fhir/StructureDefinition/capabilitystatement-expectation"><valueCode value="SHALL"/></extension><name value="given"/><definition value="https://build.fhir.org/ig/HL7/fhir-directory-query/SearchParameter-Practitioner-given"/><type value="token"/></searchParam><searchParam><extension url="http://hl7.org/fhir/StructureDefinition/capabilitystatement-expectation"><valueCode value="SHALL"/></extension><name value="identifier"/><definition value="https://build.fhir.org/ig/HL7/fhir-directory-query/SearchParameter-Practitioner-identifier"/><type value="token"/></searchParam><searchParam><extension url="http://hl7.org/fhir/StructureDefinition/capabilitystatement-expectation"><valueCode value="SHALL"/></extension><name value="identifier-assigner"/><definition value="https://build.fhir.org/ig/HL7/fhir-directory-query/SearchParameter-Practitioner-identifier-assigner"/><type value="token"/></searchParam><searchParam><extension url="http://hl7.org/fhir/StructureDefinition/capabilitystatement-expectation"><valueCode value="SHALL"/></extension><name value="qualification-code"/><definition value="https://build.fhir.org/ig/HL7/fhir-directory-query/SearchParameter-Practitioner-qualification-code"/><type value="token"/></searchParam><searchParam><extension url="http://hl7.org/fhir/StructureDefinition/capabilitystatement-expectation"><valueCode value="SHALL"/></extension><name value="qualification-issuer"/><definition value="https://build.fhir.org/ig/HL7/fhir-directory-query/SearchParameter-Practitioner-qualification-issuer"/><type value="token"/></searchParam></resource><resource><type value="PractitionerRole"/><supportedProfile value="https://build.fhir.org/ig/HL7/fhir-directory-query/StructureDefinition-NatlDirEndpointQry-PractitionerRole.html"><extension url="http://hl7.org/fhir/StructureDefinition/capabilitystatement-expectation"><valueCode value="SHOULD"/></extension></supportedProfile><searchParam><extension url="http://hl7.org/fhir/StructureDefinition/capabilitystatement-expectation"><valueCode value="SHALL"/></extension><name value="endpoint"/><definition value="https://build.fhir.org/ig/HL7/fhir-directory-query/SearchParameter-PractitionerRole-endpoint"/><type value="token"/></searchParam><searchParam><extension url="http://hl7.org/fhir/StructureDefinition/capabilitystatement-expectation"><valueCode value="SHALL"/></extension><name value="location"/><definition value="https://build.fhir.org/ig/HL7/fhir-directory-query/SearchParameter-PractitionerRole-location"/><type value="token"/></searchParam><searchParam><extension url="http://hl7.org/fhir/StructureDefinition/capabilitystatement-expectation"><valueCode value="SHALL"/></extension><name value="network"/><definition value="https://build.fhir.org/ig/HL7/fhir-directory-query/SearchParameter-PractitionerRole-network"/><type value="token"/></searchParam><searchParam><extension url="http://hl7.org/fhir/StructureDefinition/capabilitystatement-expectation"><valueCode value="SHALL"/></extension><name value="organization"/><definition value="https://build.fhir.org/ig/HL7/fhir-directory-query/SearchParameter-PractitionerRole-organization"/><type value="token"/></searchParam><searchParam><extension url="http://hl7.org/fhir/StructureDefinition/capabilitystatement-expectation"><valueCode value="SHALL"/></extension><name value="Practicioner"/><definition value="https://build.fhir.org/ig/HL7/fhir-directory-query/SearchParameter-PractitionerRole-Practicioner"/><type value="token"/></searchParam><searchParam><extension url="http://hl7.org/fhir/StructureDefinition/capabilitystatement-expectation"><valueCode value="SHALL"/></extension><name value="role"/><definition value="https://build.fhir.org/ig/HL7/fhir-directory-query/SearchParameter-PractitionerRole-role"/><type value="token"/></searchParam><searchParam><extension url="http://hl7.org/fhir/StructureDefinition/capabilitystatement-expectation"><valueCode value="SHALL"/></extension><name value="service"/><definition value="https://build.fhir.org/ig/HL7/fhir-directory-query/SearchParameter-PractitionerRole-service"/><type value="token"/></searchParam><searchParam><extension url="http://hl7.org/fhir/StructureDefinition/capabilitystatement-expectation"><valueCode value="SHALL"/></extension><name value="specialty"/><definition value="https://build.fhir.org/ig/HL7/fhir-directory-query/SearchParameter-PractitionerRole-specialty"/><type value="token"/></searchParam></resource><resource><type value="Restriction"/><supportedProfile value="https://build.fhir.org/ig/HL7/fhir-directory-query/StructureDefinition-NatlDirEndpointQry-Restriction.html"><extension url="http://hl7.org/fhir/StructureDefinition/capabilitystatement-expectation"><valueCode value="MAY"/></extension></supportedProfile><searchParam><extension url="http://hl7.org/fhir/StructureDefinition/capabilitystatement-expectation"><valueCode value="SHALL"/></extension><name value="_id"/><definition value="https://build.fhir.org/ig/HL7/fhir-directory-query/SearchParameter-Restriction-identifier"/><type value="token"/></searchParam><searchParam><extension url="http://hl7.org/fhir/StructureDefinition/capabilitystatement-expectation"><valueCode value="SHALL"/></extension><name value="_id"/><definition value="https://build.fhir.org/ig/HL7/fhir-directory-query/SearchParameter-Restriction-identifier"/><type value="token"/></searchParam><searchParam><extension url="http://hl7.org/fhir/StructureDefinition/capabilitystatement-expectation"><valueCode value="SHALL"/></extension><name value="_lastUpdated"/><definition value="https://build.fhir.org/ig/HL7/fhir-directory-query/SearchParameter-Restriction-lastUpdated"/><type value="token"/></searchParam><searchParam><extension url="http://hl7.org/fhir/StructureDefinition/capabilitystatement-expectation"><valueCode value="SHALL"/></extension><name value="plan-type"/><definition value="https://build.fhir.org/ig/HL7/fhir-directory-query/SearchParameter-Restriction-plan-type"/><type value="token"/></searchParam><searchParam><extension url="http://hl7.org/fhir/StructureDefinition/capabilitystatement-expectation"><valueCode value="SHALL"/></extension><name value="name"/><definition value="https://build.fhir.org/ig/HL7/fhir-directory-query/SearchParameter-Restriction-name"/><type value="token"/></searchParam><searchParam><extension url="http://hl7.org/fhir/StructureDefinition/capabilitystatement-expectation"><valueCode value="SHALL"/></extension><name value="coverage-area"/><definition value="https://build.fhir.org/ig/HL7/fhir-directory-query/SearchParameter-Restriction-coverage-area"/><type value="token"/></searchParam><searchParam><extension url="http://hl7.org/fhir/StructureDefinition/capabilitystatement-expectation"><valueCode value="SHALL"/></extension><name value="owned=by"/><definition value="https://build.fhir.org/ig/HL7/fhir-directory-query/SearchParameter-Restriction-owned-by"/><type value="token"/></searchParam><searchParam><extension url="http://hl7.org/fhir/StructureDefinition/capabilitystatement-expectation"><valueCode value="SHALL"/></extension><name value="administrated-by"/><definition value="https://build.fhir.org/ig/HL7/fhir-directory-query/SearchParameter-Restriction-administrated-by"/><type value="token"/></searchParam></resource><resource><type value="Validation"/><supportedProfile value="https://build.fhir.org/ig/HL7/fhir-directory-query/StructureDefinition-NatlDirEndpointQry-Validation.html"><extension url="http://hl7.org/fhir/StructureDefinition/capabilitystatement-expectation"><valueCode value="MAY"/></extension></supportedProfile><searchParam><extension url="http://hl7.org/fhir/StructureDefinition/capabilitystatement-expectation"><valueCode value="SHALL"/></extension><name value="attestation-who"/><definition value="https://build.fhir.org/ig/HL7/fhir-directory-query/SearchParameter-Validation-attestation-who"/><type value="token"/></searchParam><searchParam><extension url="http://hl7.org/fhir/StructureDefinition/capabilitystatement-expectation"><valueCode value="SHALL"/></extension><name value="primarysource-who"/><definition value="https://build.fhir.org/ig/HL7/fhir-directory-query/SearchParameter-Validation-primarysource-who"/><type value="token"/></searchParam><searchParam><extension url="http://hl7.org/fhir/StructureDefinition/capabilitystatement-expectation"><valueCode value="SHALL"/></extension><name value="target"/><definition value="https://build.fhir.org/ig/HL7/fhir-directory-query/SearchParameter-Validation-target"/><type value="token"/></searchParam></resource><resource><type value="CareTeam"/><supportedProfile value="https://build.fhir.org/ig/HL7/fhir-directory-query/StructureDefinition-NatlDirEndpointQry-CareTeam.html"><extension url="http://hl7.org/fhir/StructureDefinition/capabilitystatement-expectation"><valueCode value="MAY"/></extension></supportedProfile><searchParam><extension url="http://hl7.org/fhir/StructureDefinition/capabilitystatement-expectation"><valueCode value="SHALL"/></extension><name value="endpoint"/><definition value="https://build.fhir.org/ig/HL7/fhir-directory-query/SearchParameter-CareTeam-endpoint"/><type value="token"/></searchParam><searchParam><extension url="http://hl7.org/fhir/StructureDefinition/capabilitystatement-expectation"><valueCode value="SHALL"/></extension><name value="location"/><definition value="https://build.fhir.org/ig/HL7/fhir-directory-query/SearchParameter-CareTeam-location"/><type value="token"/></searchParam><searchParam><extension url="http://hl7.org/fhir/StructureDefinition/capabilitystatement-expectation"><valueCode value="SHALL"/></extension><name value="name"/><definition value="https://build.fhir.org/ig/HL7/fhir-directory-query/SearchParameter-CareTeam-name"/><type value="token"/></searchParam><searchParam><extension url="http://hl7.org/fhir/StructureDefinition/capabilitystatement-expectation"><valueCode value="SHALL"/></extension><name value="organization"/><definition value="https://build.fhir.org/ig/HL7/fhir-directory-query/SearchParameter-CareTeam-organization"/><type value="token"/></searchParam><searchParam><extension url="http://hl7.org/fhir/StructureDefinition/capabilitystatement-expectation"><valueCode value="SHALL"/></extension><name value="service"/><definition value="https://build.fhir.org/ig/HL7/fhir-directory-query/SearchParameter-CareTeam-service"/><type value="token"/></searchParam><searchParam><extension url="http://hl7.org/fhir/StructureDefinition/capabilitystatement-expectation"><valueCode value="SHALL"/></extension><name value="category"/><definition value="https://build.fhir.org/ig/HL7/fhir-directory-query/SearchParameter-CareTeam-category"/><type value="token"/></searchParam></resource></rest></CapabilityStatement>