<?xml version="1.0" encoding="UTF-8"?><CodeSystem xmlns="http://hl7.org/fhir"><id value="EndpointTypeCS"/><text><status value="generated"/><div xmlns="http://www.w3.org/1999/xhtml"><p>This code system http://hl7.org/fhir/us/fhir-directory-query/CodeSystem/EndpointTypeCS defines the following codes:</p><table class="codes"><tr><td style="white-space:nowrap"><b>Code</b></td><td><b>Display</b></td></tr><tr><td style="white-space:nowrap">FHIR<a name="EndpointTypeCS-FHIR"> </a></td><td>FHIR Server</td></tr><tr><td style="white-space:nowrap">OpEndpoint<a name="EndpointTypeCS-OpEndpoint"> </a></td><td>Operation Endpoint</td></tr><tr><td style="white-space:nowrap">CDS<a name="EndpointTypeCS-CDS"> </a></td><td>CDS Hooks</td></tr></table></div></text><url value="http://hl7.org/fhir/us/fhir-directory-query/CodeSystem/EndpointTypeCS"/><version value="0.0.1"/><name value="EndpointTypeCS"/><title value="IG Type"/><status value="active"/><date value="2022-07-12T12:55:11-04:00"/><publisher value="HL7 Patient Administration Working Group"/><contact><name value="HL7 Patient Administration Working Group"/><telecom><system value="url"/><value value="https://www.hl7.org/Special/committees/pafm/index.cfm"/></telecom><telecom><system value="email"/><value value="pafm@lists.HL7.org"/></telecom></contact><description value="IG Type"/><jurisdiction><coding><system value="urn:iso:std:iso:3166"/><code value="US"/></coding></jurisdiction><caseSensitive value="true"/><content value="complete"/><count value="3"/><concept><code value="FHIR"/><display value="FHIR Server"/></concept><concept><code value="OpEndpoint"/><display value="Operation Endpoint"/></concept><concept><code value="CDS"/><display value="CDS Hooks"/></concept></CodeSystem>