<?xml version="1.0" encoding="UTF-8"?><SearchParameter xmlns="http://hl7.org/fhir"><id value="Endpoint-usecase-standard"/><url value="https://build.fhir.org/ig/HL7/fhir-directory-query/SearchParameter-endpoint-usecase-standard.html"/><version value="0.0.1"/><name value="NatlDirEndpointQryUsecaseStandard"/><status value="active"/><date value="2022-07-14T18:44:03-04:00"/><publisher value="HL7 Patient Administration Working Group"/><contact><name value="HL7 Patient Administration Working Group"/><telecom><system value="url"/><value value="https://www.hl7.org/Special/committees/pafm/index.cfm"/></telecom><telecom><system value="email"/><value value="pafm@lists.HL7.org"/></telecom></contact><description value="Accesses the usecase-standard of an Endpoint"/><jurisdiction><coding><system value="urn:iso:std:iso:3166"/><code value="US"/></coding></jurisdiction><code value="usecase-standard"/><base value="Endpoint"/><type value="token"/><expression value="Endpoint.usecase-standard"/><multipleOr value="true"/><multipleAnd value="true"/></SearchParameter>