<?xml version="1.0" encoding="UTF-8"?><ValueSet xmlns="http://hl7.org/fhir"><id value="NetworkTypeVS"/><text><status value="extensions"/><div xmlns="http://www.w3.org/1999/xhtml"><ul><li>Include these codes as defined in <a href="CodeSystem-OrgTypeCS.html"><code>http://hl7.org/fhir/us/fhir-directory-query/CodeSystem/OrgTypeCS</code></a><table class="none"><tr><td style="white-space:nowrap"><b>Code</b></td><td><b>Display</b></td><td><b>Definition</b></td></tr><tr><td><a href="CodeSystem-OrgTypeCS.html#OrgTypeCS-ntwk">ntwk</a></td><td>Network</td><td>A healthcare provider insurance network</td></tr></table></li></ul></div></text><url value="http://hl7.org/fhir/us/fhir-directory-query/ValueSet/NetworkTypeVS"/><version value="0.0.1"/><name value="NetworkTypeVS"/><title value="Network Type"/><status value="active"/><date value="2021-12-17T13:53:37-05:00"/><publisher value="HL7 Patient Administration Working Group"/><contact><name value="HL7 Patient Administration Working Group"/><telecom><system value="url"/><value value="https://www.hl7.org/Special/committees/pafm/index.cfm"/></telecom><telecom><system value="email"/><value value="pafm@lists.HL7.org"/></telecom></contact><description value="Single value describing networks."/><jurisdiction><coding><system value="urn:iso:std:iso:3166"/><code value="US"/></coding></jurisdiction><compose><include><system value="http://hl7.org/fhir/us/fhir-directory-query/CodeSystem/OrgTypeCS"/><concept><code value="ntwk"/></concept></include></compose></ValueSet>