<?xml version="1.0" encoding="UTF-8"?><ValueSet xmlns="http://hl7.org/fhir"><id value="OrgTypeVS"/><text><status value="extensions"/><div xmlns="http://www.w3.org/1999/xhtml"><p>This value set includes codes based on the following rules:</p><ul><li>Include all codes defined in <a href="CodeSystem-OrgTypeCS.html"><code>http://hl7.org/fhir/us/fhir-directory-query/CodeSystem/OrgTypeCS</code></a></li></ul><p>This value set excludes codes based on the following rules:</p><ul><li>Exclude these codes as defined in <a href="CodeSystem-OrgTypeCS.html"><code>http://hl7.org/fhir/us/fhir-directory-query/CodeSystem/OrgTypeCS</code></a><table class="none"><tr><td style="white-space:nowrap"><b>Code</b></td><td><b>Display</b></td><td><b>Definition</b></td></tr><tr><td><a href="CodeSystem-OrgTypeCS.html#OrgTypeCS-ntwk">ntwk</a></td><td>Network</td><td>A healthcare provider insurance network</td></tr></table></li></ul></div></text><url value="http://hl7.org/fhir/us/fhir-directory-query/ValueSet/OrgTypeVS"/><version value="0.0.1"/><name value="OrgTypeVS"/><title value="Organization Type"/><status value="active"/><date value="2022-04-08T11:43:46-04:00"/><publisher value="HL7 Patient Administration Working Group"/><contact><name value="HL7 Patient Administration Working Group"/><telecom><system value="url"/><value value="https://www.hl7.org/Special/committees/pafm/index.cfm"/></telecom><telecom><system value="email"/><value value="pafm@lists.HL7.org"/></telecom></contact><description value="Categories of organizations based on criteria in provider directories."/><jurisdiction><coding><system value="urn:iso:std:iso:3166"/><code value="US"/></coding></jurisdiction><compose><include><system value="http://hl7.org/fhir/us/fhir-directory-query/CodeSystem/OrgTypeCS"/></include><exclude><system value="http://hl7.org/fhir/us/fhir-directory-query/CodeSystem/OrgTypeCS"/><concept><code value="ntwk"/></concept></exclude></compose></ValueSet>