<?xml version="1.0" encoding="UTF-8"?><ValueSet xmlns="http://hl7.org/fhir"><id value="EndpointTypeVS"/><text><status value="generated"/><div xmlns="http://www.w3.org/1999/xhtml"><ul><li>Include all codes defined in <a href="CodeSystem-EndpointTypeCS.html"><code>http://hl7.org/fhir/us/fhir-directory-query/CodeSystem/EndpointTypeCS</code></a></li></ul></div></text><url value="http://hl7.org/fhir/us/fhir-directory-query/ValueSet/EndpointTypeVS"/><version value="0.0.1"/><name value="EndpointTypeVS"/><title value="Endpoint Type"/><status value="active"/><date value="2022-03-25T16:25:37-04:00"/><publisher value="HL7 Patient Administration Working Group"/><contact><name value="HL7 Patient Administration Working Group"/><telecom><system value="url"/><value value="https://www.hl7.org/Special/committees/pafm/index.cfm"/></telecom><telecom><system value="email"/><value value="pafm@lists.HL7.org"/></telecom></contact><description value="Codes to identify Endpoint Type"/><jurisdiction><coding><system value="urn:iso:std:iso:3166"/><code value="US"/></coding></jurisdiction><compose><include><system value="http://hl7.org/fhir/us/fhir-directory-query/CodeSystem/EndpointTypeCS"/></include></compose></ValueSet>