<?xml version="1.0" encoding="UTF-8"?><ValueSet xmlns="http://hl7.org/fhir"><id value="SpecialtiesVS"/><text><status value="generated"/><div xmlns="http://www.w3.org/1999/xhtml"><p>This value set includes codes based on the following rules:</p><ul><li>Import all the codes that are contained in <a href="ValueSet-IndividualAndGroupSpecialtiesVS.html">http://hl7.org/fhir/us/fhir-directory-query/ValueSet/IndividualAndGroupSpecialtiesVS</a></li><li>Import all the codes that are contained in <a href="ValueSet-NonIndividualSpecialtiesVS.html">http://hl7.org/fhir/us/fhir-directory-query/ValueSet/NonIndividualSpecialtiesVS</a></li></ul></div></text><url value="http://hl7.org/fhir/us/fhir-directory-query/ValueSet/SpecialtiesVS"/><version value="0.0.1"/><name value="SpecialtiesVS"/><title value="Specialties"/><status value="active"/><date value="2022-06-03T15:19:55-04:00"/><publisher value="HL7 Patient Administration Working Group"/><contact><name value="HL7 Patient Administration Working Group"/><telecom><system value="url"/><value value="https://www.hl7.org/Special/committees/pafm/index.cfm"/></telecom><telecom><system value="email"/><value value="pafm@lists.HL7.org"/></telecom></contact><description value="Specialties value set based on National Uniform Claim Committee (NUCC) Health Care Provider Taxonomy code set."/><jurisdiction><coding><system value="urn:iso:std:iso:3166"/><code value="US"/></coding></jurisdiction><compose><include><valueSet value="http://hl7.org/fhir/us/fhir-directory-query/ValueSet/IndividualAndGroupSpecialtiesVS"/></include><include><valueSet value="http://hl7.org/fhir/us/fhir-directory-query/ValueSet/NonIndividualSpecialtiesVS"/></include></compose></ValueSet>