<?xml version="1.0" encoding="UTF-8"?><ValueSet xmlns="http://hl7.org/fhir"><id value="SpecialtyAndDegreeLicenseCertificateVS"/><text><status value="generated"/><div xmlns="http://www.w3.org/1999/xhtml"><p>This value set includes codes based on the following rules:</p><ul><li>Import all the codes that are contained in <a href="ValueSet-SpecialtiesVS.html">http://hl7.org/fhir/us/fhir-directory-query/ValueSet/SpecialtiesVS</a></li><li>Include all codes defined in <a href="http://terminology.hl7.org/3.0.0/CodeSystem-v2-0360.html"><code>http://terminology.hl7.org/CodeSystem/v2-0360</code></a></li></ul></div></text><url value="http://hl7.org/fhir/us/fhir-directory-query/ValueSet/SpecialtyAndDegreeLicenseCertificateVS"/><version value="0.0.1"/><name value="SpecialtyAndDegreeLicenseCertificateVS"/><title value="Specialties, Degrees, Licenses, and Certificates"/><status value="active"/><date value="2022-01-10T11:07:52-05:00"/><publisher value="HL7 Patient Administration Working Group"/><contact><name value="HL7 Patient Administration Working Group"/><telecom><system value="url"/><value value="https://www.hl7.org/Special/committees/pafm/index.cfm"/></telecom><telecom><system value="email"/><value value="pafm@lists.HL7.org"/></telecom></contact><description value="Specialties and Degree License and Certificates"/><jurisdiction><coding><system value="urn:iso:std:iso:3166"/><code value="US"/></coding></jurisdiction><compose><include><valueSet value="http://hl7.org/fhir/us/fhir-directory-query/ValueSet/SpecialtiesVS"/></include><include><system value="http://terminology.hl7.org/CodeSystem/v2-0360"/></include></compose></ValueSet>