<?xml version="1.0" encoding="UTF-8"?>

<HealthcareService xmlns="http://hl7.org/fhir">
  <id value="BurrClinicServices"/>
  <meta>
    <lastUpdated value="2020-07-07T13:26:22.0314215+00:00"/>
    <profile value="http://hl7.org/fhir/us/fhir-directory-query/StructureDefinition/NatlDir-HealthcareService"/>
  </meta>
  <language value="en-US"/>
  <text>
    <status value="extensions"/><div xmlns="http://www.w3.org/1999/xhtml" xml:lang="en-US" lang="en-US"><p><b>Generated Narrative</b></p><blockquote><p><b>Delivery Method</b></p><p><b>value</b>: <span title="Codes: {http://hl7.org/fhir/us/fhir-directory-query/CodeSystem/DeliveryMethodCS physical}">Physical</span></p></blockquote><p><b>active</b>: true</p><p><b>providedBy</b>: <a href="Organization-BurrClinic.html">Generated Summary: language: en-US; id: NPI999; active: true; <span title="Codes: {http://hl7.org/fhir/us/fhir-directory-query/CodeSystem/OrgTypeCS fac}">Facility</span>; name: Burr Clinic; Phone: (111)-222-3333, https://www.burrclinic.com</a></p><p><b>category</b>: <span title="Codes: {http://hl7.org/fhir/us/fhir-directory-query/CodeSystem/HealthcareServiceCategoryCS outpat}">Clinic or Outpatient Facility</span></p><p><b>specialty</b>: <span title="Codes: {http://nucc.org/provider-taxonomy 207Q00000X}">Family Medicine</span></p><p><b>location</b>: <a href="Location-HospLoc1.html">Generated Summary: language: en-US; status: active; name: Hartford Hospital Location 1; <span title="Codes: {http://terminology.hl7.org/CodeSystem/v3-RoleCode HOSP}">Hospital</span>; Phone: (111)-222-3333, https://www.hgh.com</a></p></div>
  </text>
  <extension url="http://hl7.org/fhir/us/fhir-directory-exchange/StructureDefinition/delivery-method">
    <extension url="type">
      <valueCodeableConcept>
        <coding>
          <system value="http://hl7.org/fhir/us/fhir-directory-query/CodeSystem/DeliveryMethodCS"/>
          <code value="physical"/>
        </coding>
      </valueCodeableConcept>
    </extension>
  </extension>
  <active value="true"/>
  <providedBy>
    <reference value="Organization/BurrClinic"/>
  </providedBy>
  <category>
    <coding>
      <system value="http://hl7.org/fhir/us/fhir-directory-query/CodeSystem/HealthcareServiceCategoryCS"/>
      <code value="outpat"/>
    </coding>
  </category>
  <specialty>
    <coding>
      <system value="http://nucc.org/provider-taxonomy"/>
      <code value="207Q00000X"/>
      <display value="Family Medicine"/>
    </coding>
  </specialty>
  <location>
    <reference value="Location/HospLoc1"/>
  </location>
</HealthcareService>