<?xml version="1.0" encoding="UTF-8"?>

<Organization xmlns="http://hl7.org/fhir">
  <id value="Acme"/>
  <meta>
    <lastUpdated value="2020-07-07T13:26:22.0314215+00:00"/>
    <profile value="http://hl7.org/fhir/us/fhir-directory-query/StructureDefinition/NatlDirEndpointQry-Organization"/>
  </meta>
  <language value="en-US"/>
  <text>
    <status value="extensions"/><div xmlns="http://www.w3.org/1999/xhtml" xml:lang="en-US" lang="en-US"><p><b>Generated Narrative</b></p><div style="display: inline-block; background-color: #d9e0e7; padding: 6px; margin: 4px; border: 1px solid #8da1b4; border-radius: 5px; line-height: 60%"><p style="margin-bottom: 0px">Resource "Acme" Updated "2020-07-07 01:26:22+0000"  (Language "en-US") </p><p style="margin-bottom: 0px">Profile: <a href="StructureDefinition-NatlDirEndpointQry-Organization.html">National Directory Endpoint Qry Exchange Organization</a></p></div><p><b>Org Description</b>: Acme of CT is a leading provider of health and other insurance products.</p><p><b>active</b>: true</p><p><b>type</b>: Payer <span style="background: LightGoldenRodYellow; margin: 4px; border: 1px solid khaki"> (<a href="CodeSystem-OrgTypeCS.html">Organization Type</a>#payer)</span></p><p><b>name</b>: Acme of CT</p><p><b>telecom</b>: ph: (111)-222-3333, <a href="https://www.acmeofct.com">https://www.acmeofct.com</a></p><p><b>address</b>: 456 Main Street Norwalk CT 00014-1234 </p></div>
  </text>
  <extension url="http://hl7.org/fhir/us/fhir-directory-query/StructureDefinition/org-description">
    <valueString value="Acme of CT is a leading provider of health and other insurance products."/>
  </extension>
  <active value="true"/>
  <type>
    <coding>
      <system value="http://hl7.org/fhir/us/fhir-directory-query/CodeSystem/OrgTypeCS"/>
      <code value="payer"/>
      <display value="Payer"/>
    </coding>
  </type>
  <name value="Acme of CT"/>
  <telecom>
    <extension url="http://hl7.org/fhir/us/fhir-directory-query/StructureDefinition/contactpoint-availabletime">
      <extension url="daysOfWeek">
        <valueCode value="mon"/>
      </extension>
      <extension url="daysOfWeek">
        <valueCode value="tue"/>
      </extension>
      <extension url="daysOfWeek">
        <valueCode value="wed"/>
      </extension>
      <extension url="daysOfWeek">
        <valueCode value="thu"/>
      </extension>
      <extension url="daysOfWeek">
        <valueCode value="fri"/>
      </extension>
      <extension url="availableStartTime">
        <valueTime value="08:00:00"/>
      </extension>
      <extension url="availableEndTime">
        <valueTime value="17:00:00"/>
      </extension>
    </extension>
    <system value="phone"/>
    <value value="(111)-222-3333"/>
    <rank value="2"/>
  </telecom>
  <telecom>
    <system value="url"/>
    <value value="https://www.acmeofct.com"/>
    <rank value="1"/>
  </telecom>
  <address>
    <line value="456 Main Street"/>
    <city value="Norwalk"/>
    <state value="CT"/>
    <postalCode value="00014-1234"/>
  </address>
</Organization>