<?xml version="1.0" encoding="UTF-8"?>

<Practitioner xmlns="http://hl7.org/fhir">
  <id value="Counselor"/>
  <meta>
    <lastUpdated value="2020-07-07T13:26:22.0314215+00:00"/>
    <profile value="http://hl7.org/fhir/us/fhir-directory-exchange/StructureDefinition/NatlDir-Practitioner"/>
  </meta>
  <language value="en-US"/>
  <text>
    <status value="extensions"/><div xmlns="http://www.w3.org/1999/xhtml" xml:lang="en-US" lang="en-US"><p><b>Generated Narrative</b></p><div style="display: inline-block; background-color: #d9e0e7; padding: 6px; margin: 4px; border: 1px solid #8da1b4; border-radius: 5px; line-height: 60%"><p style="margin-bottom: 0px">Resource "Counselor" Updated "2020-07-07T09:26:22.031-04:00"  (Language "en-US") </p><p style="margin-bottom: 0px">Profile: <a href="https://build.fhir.org/ig/HL7/fhir-directory-exchange//StructureDefinition-NatlDir-Practitioner.html">National Directory Exchange Practitioner</a></p></div><p><b>Communication Proficiency</b>: General professional proficiency <span style="background: LightGoldenRodYellow; margin: 4px; border: 1px solid khaki"> (<a href="CodeSystem-LanguageProficiencyCS.html">Language Proficiency</a>#30)</span></p><p><b>identifier</b>: id: NPI3238</p><p><b>active</b>: true</p><p><b>name</b>: Susie Smith, LPC</p><h3>Qualifications</h3><table class="grid"><tr><td>-</td><td><b>Extension</b></td><td><b>Code</b></td><td><b>Issuer</b></td></tr><tr><td>*</td><td></td><td>IL <span style="background: LightGoldenRodYellow; margin: 4px; border: 1px solid khaki"> ([not stated] "LPC")</span></td><td><span>: State of Illinois</span></td></tr></table><p><b>communication</b>: Russian <span style="background: LightGoldenRodYellow; margin: 4px; border: 1px solid khaki"> (<a href="http://terminology.hl7.org/3.0.0/CodeSystem-v3-ietf3066.html">Tags for the Identification of Languages</a>#ru)</span></p></div>
  </text>
  <extension url="http://hl7.org/fhir/us/fhir-directory-query/StructureDefinition/communication-proficiency">
    <valueCodeableConcept>
      <coding>
        <system value="http://hl7.org/fhir/us/fhir-directory-query/CodeSystem/LanguageProficiencyCS"/>
        <code value="30"/>
      </coding>
    </valueCodeableConcept>
  </extension>
  <identifier>
    <system value="http://hl7.org/fhir/sid/us-npi"/>
    <value value="NPI3238"/>
  </identifier>
  <active value="true"/>
  <name>
    <text value="Susie Smith, LPC"/>
    <family value="Smith"/>
    <given value="Susie"/>
  </name>
  <qualification>
    <extension url="http://hl7.org/fhir/us/fhir-directory-exchange/StructureDefinition/practitioner-qualification">
      <extension url="status">
        <valueCode value="active"/>
      </extension>
      <extension url="whereValid">
        <valueCodeableConcept>
          <coding>
            <system value="https://www.usps.com/"/>
            <code value="IL"/>
          </coding>
        </valueCodeableConcept>
      </extension>
    </extension>
    <code>
      <coding>
        <display value="LPC"/>
      </coding>
      <text value="IL"/>
    </code>
    <issuer>
      <display value="State of Illinois"/>
    </issuer>
  </qualification>
  <communication>
    <coding>
      <system value="urn:ietf:bcp:47"/>
      <code value="ru"/>
    </coding>
  </communication>
</Practitioner>