[
  {
    "id": "fhir-directory-query-basic-endpoint",
    "type": "CapabilityStatement",
    "url": "http://hl7.org/fhir/us/fhir-directory-query/CapabilityStatement/fhir-directory-query-basic-endpoint",
    "version": "0.0.1",
    "name": "CapabilityStatementFhirDirectoryQuerybasicEndpoint"
  },
  {
    "id": "fhir-directory-query-basic-expanded",
    "type": "CapabilityStatement",
    "url": "http://hl7.org/fhir/us/fhir-directory-query/CapabilityStatement/fhir-directory-query-basic-expanded",
    "version": "0.0.1",
    "name": "CapabilityStatementFhirDirectoryQueryBasicExpanded"
  },
  {
    "id": "fhir-directory-query-health-or-human-services-endpoint",
    "type": "CapabilityStatement",
    "url": "http://hl7.org/fhir/us/fhir-directory-query/CapabilityStatement/fhir-directory-query-health-or-human-services-endpoint",
    "version": "0.0.1",
    "name": "CapabilityStatementFhirDirectoryQueryHealthHumanServicesEndpoint"
  },
  {
    "id": "fhir-directory-query-health-or-human-services-expanded",
    "type": "CapabilityStatement",
    "url": "http://hl7.org/fhir/us/fhir-directory-query/CapabilityStatement/fhir-directory-query-health-or-human-services-expanded",
    "version": "0.0.1",
    "name": "CapabilityStatementFhirDirectoryQueryHealthHumanServicesExpanded"
  },
  {
    "id": "fhir-directory-query-human-services-endpoint",
    "type": "CapabilityStatement",
    "url": "http://hl7.org/fhir/us/fhir-directory-query/CapabilityStatement/fhir-directory-query-human-services-endpoint",
    "version": "0.0.1",
    "name": "CapabilityStatementFhirDirectoryQueryHumanServicesEndpoint"
  },
  {
    "id": "fhir-directory-query-human-services-expanded",
    "type": "CapabilityStatement",
    "url": "http://hl7.org/fhir/us/fhir-directory-query/CapabilityStatement/fhir-directory-query-human-services-expanded",
    "version": "0.0.1",
    "name": "CapabilityStatementFhirDirectoryQueryHumanServicesExpanded"
  },
  {
    "id": "fhir-directory-query-provider-endpoint",
    "type": "CapabilityStatement",
    "url": "http://hl7.org/fhir/us/fhir-directory-query/CapabilityStatement/fhir-directory-query-provider-endpoint",
    "version": "0.0.1",
    "name": "CapabilityStatementFhirDirectoryQueryProviderEndpoint"
  },
  {
    "id": "fhir-directory-query-provider-expanded",
    "type": "CapabilityStatement",
    "url": "http://hl7.org/fhir/us/fhir-directory-query/CapabilityStatement/fhir-directory-query-provider-expanded",
    "version": "0.0.1",
    "name": "CapabilityStatementFhirDirectoryQueryProviderExpanded"
  },
  {
    "id": "AcceptingPatientsCS",
    "type": "CodeSystem",
    "url": "http://hl7.org/fhir/us/fhir-directory-query/CodeSystem/AcceptingPatientsCS",
    "version": "0.0.1",
    "name": "AcceptingPatientsCS"
  },
  {
    "id": "AccessibilityCS",
    "type": "CodeSystem",
    "url": "http://hl7.org/fhir/us/fhir-directory-query/CodeSystem/AccessibilityCS",
    "version": "0.0.1",
    "name": "AccessibilityCS"
  },
  {
    "id": "DeliveryMethodCS",
    "type": "CodeSystem",
    "url": "http://hl7.org/fhir/us/fhir-directory-query/CodeSystem/DeliveryMethodCS",
    "version": "0.0.1",
    "name": "DeliveryMethodCS"
  },
  {
    "id": "EndpointConnectionTypeCS",
    "type": "CodeSystem",
    "url": "http://hl7.org/fhir/us/fhir-directory-query/CodeSystem/EndpointConnectionTypeCS",
    "version": "0.0.1",
    "name": "EndpointConnectionTypeCS"
  },
  {
    "id": "EndpointPayloadTypeCS",
    "type": "CodeSystem",
    "url": "http://hl7.org/fhir/us/fhir-directory-query/CodeSystem/EndpointPayloadTypeCS",
    "version": "0.0.1",
    "name": "EndpointPayloadTypeCS"
  },
  {
    "id": "EndpointTypeCS",
    "type": "CodeSystem",
    "url": "http://hl7.org/fhir/us/fhir-directory-query/CodeSystem/EndpointTypeCS",
    "version": "0.0.1",
    "name": "EndpointTypeCS"
  },
  {
    "id": "HealthcareServiceCategoryCS",
    "type": "CodeSystem",
    "url": "http://hl7.org/fhir/us/fhir-directory-query/CodeSystem/HealthcareServiceCategoryCS",
    "version": "0.0.1",
    "name": "HealthcareServiceCategoryCS"
  },
  {
    "id": "IgTypeCS",
    "type": "CodeSystem",
    "url": "http://hl7.org/fhir/us/fhir-directory-query/CodeSystem/IgTypeCS",
    "version": "0.0.1",
    "name": "IgTypeCS"
  },
  {
    "id": "InsurancePlanTypeCS",
    "type": "CodeSystem",
    "url": "http://hl7.org/fhir/us/fhir-directory-query/CodeSystem/InsurancePlanTypeCS",
    "version": "0.0.1",
    "name": "InsurancePlanTypeCS"
  },
  {
    "id": "InsuranceProductTypeCS",
    "type": "CodeSystem",
    "url": "http://hl7.org/fhir/us/fhir-directory-query/CodeSystem/InsuranceProductTypeCS",
    "version": "0.0.1",
    "name": "InsuranceProductTypeCS"
  },
  {
    "id": "LanguageProficiencyCS",
    "type": "CodeSystem",
    "url": "http://hl7.org/fhir/us/fhir-directory-query/CodeSystem/LanguageProficiencyCS",
    "version": "0.0.1",
    "name": "LanguageProficiencyCS"
  },
  {
    "id": "OrgTypeCS",
    "type": "CodeSystem",
    "url": "http://hl7.org/fhir/us/fhir-directory-query/CodeSystem/OrgTypeCS",
    "version": "0.0.1",
    "name": "OrgTypeCS"
  },
  {
    "id": "OrganizationAffiliationRoleCS",
    "type": "CodeSystem",
    "url": "http://hl7.org/fhir/us/fhir-directory-query/CodeSystem/OrganizationAffiliationRoleCS",
    "version": "0.0.1",
    "name": "OrganizationAffiliationRoleCS"
  },
  {
    "id": "ProviderRoleCS",
    "type": "CodeSystem",
    "url": "http://hl7.org/fhir/us/fhir-directory-query/CodeSystem/ProviderRoleCS",
    "version": "0.0.1",
    "name": "ProviderRoleCS"
  },
  {
    "id": "QualificationStatusCS",
    "type": "CodeSystem",
    "url": "http://hl7.org/fhir/us/fhir-directory-query/CodeSystem/QualificationStatusCS",
    "version": "0.0.1",
    "name": "QualificationStatusCS"
  },
  {
    "id": "TrustFrameworkTypeCS",
    "type": "CodeSystem",
    "url": "http://hl7.org/fhir/us/fhir-directory-query/CodeSystem/TrustFrameworkTypeCS",
    "version": "0.0.1",
    "name": "TrustFrameworkTypeCS"
  },
  {
    "id": "VirtualModalitiesCS",
    "type": "CodeSystem",
    "url": "http://hl7.org/fhir/us/fhir-directory-query/CodeSystem/VirtualModalitiesCS",
    "version": "0.0.1",
    "name": "VirtualModalitiesCS"
  },
  {
    "id": "hl7.fhir.us.fhir-directory-query",
    "type": "ImplementationGuide",
    "url": "http://hl7.org/fhir/us/fhir-directory-query/ImplementationGuide/hl7.fhir.us.fhir-directory-query",
    "version": "0.0.1",
    "name": "ONCFASTNationalDirectoryEndpointQuery"
  },
  {
    "id": "NatlDirEndpointQry-CareTeam",
    "type": "StructureDefinition",
    "url": "http://hl7.org/fhir/us/fhir-directory-query/StructureDefinition/NatlDirEndpointQry-CareTeam",
    "version": "0.0.1",
    "name": "NatlDirEndpointQryCareTeam"
  },
  {
    "id": "NatlDirEndpointQry-CareTeamComplete",
    "type": "StructureDefinition",
    "url": "http://hl7.org/fhir/us/fhir-directory-query/StructureDefinition/NatlDirEndpointQry-CareTeamComplete",
    "version": "0.0.1",
    "name": "NatlDirEndpointQryCareTeamComplete"
  },
  {
    "id": "NatlDirEndpointQry-Endpoint",
    "type": "StructureDefinition",
    "url": "http://hl7.org/fhir/us/fhir-directory-query/StructureDefinition/NatlDirEndpointQry-Endpoint",
    "version": "0.0.1",
    "name": "NatlDirEndpointQryEndpoint"
  },
  {
    "id": "NatlDirEndpointQry-EndpointComplete",
    "type": "StructureDefinition",
    "url": "http://hl7.org/fhir/us/fhir-directory-query/StructureDefinition/NatlDirEndpointQry-EndpointComplete",
    "version": "0.0.1",
    "name": "NatlDirEndpointQryEndpointComplete"
  },
  {
    "id": "NatlDirEndpointQry-HealthcareService",
    "type": "StructureDefinition",
    "url": "http://hl7.org/fhir/us/fhir-directory-query/StructureDefinition/NatlDirEndpointQry-HealthcareService",
    "version": "0.0.1",
    "name": "NatlDirEndpointQryHealthcareService"
  },
  {
    "id": "NatlDirEndpointQry-HealthcareServiceComplete",
    "type": "StructureDefinition",
    "url": "http://hl7.org/fhir/us/fhir-directory-query/StructureDefinition/NatlDirEndpointQry-HealthcareServiceComplete",
    "version": "0.0.1",
    "name": "NatlDirEndpointQryHealthcareServiceComplete"
  },
  {
    "id": "NatlDirEndpointQry-InsurancePlan",
    "type": "StructureDefinition",
    "url": "http://hl7.org/fhir/us/fhir-directory-query/StructureDefinition/NatlDirEndpointQry-InsurancePlan",
    "version": "0.0.1",
    "name": "NatlDirEndpointQryInsurancePlan"
  },
  {
    "id": "NatlDirEndpointQry-InsurancePlanComplete",
    "type": "StructureDefinition",
    "url": "http://hl7.org/fhir/us/fhir-directory-query/StructureDefinition/NatlDirEndpointQry-InsurancePlanComplete",
    "version": "0.0.1",
    "name": "NatlDirEndpointQryInsurancePlanComplete"
  },
  {
    "id": "NatlDirEndpointQry-Location",
    "type": "StructureDefinition",
    "url": "http://hl7.org/fhir/us/fhir-directory-query/StructureDefinition/NatlDirEndpointQry-Location",
    "version": "0.0.1",
    "name": "NatlDirEndpointQryLocation"
  },
  {
    "id": "NatlDirEndpointQry-LocationComplete",
    "type": "StructureDefinition",
    "url": "http://hl7.org/fhir/us/fhir-directory-query/StructureDefinition/NatlDirEndpointQry-LocationComplete",
    "version": "0.0.1",
    "name": "NatlDirEndpointQryLocationComplete"
  },
  {
    "id": "NatlDirEndpointQry-Network",
    "type": "StructureDefinition",
    "url": "http://hl7.org/fhir/us/fhir-directory-query/StructureDefinition/NatlDirEndpointQry-Network",
    "version": "0.0.1",
    "name": "NatlDirEndpointQryNetwork"
  },
  {
    "id": "NatlDirEndpointQry-NetworkComplete",
    "type": "StructureDefinition",
    "url": "http://hl7.org/fhir/us/fhir-directory-query/StructureDefinition/NatlDirEndpointQry-NetworkComplete",
    "version": "0.0.1",
    "name": "NatlDirEndpointQryNetworkComplete"
  },
  {
    "id": "NatlDirEndpointQry-Organization",
    "type": "StructureDefinition",
    "url": "http://hl7.org/fhir/us/fhir-directory-query/StructureDefinition/NatlDirEndpointQry-Organization",
    "version": "0.0.1",
    "name": "NatlDirEndpointQryOrganization"
  },
  {
    "id": "NatlDirEndpointQry-OrganizationAffiliation",
    "type": "StructureDefinition",
    "url": "http://hl7.org/fhir/us/fhir-directory-query/StructureDefinition/NatlDirEndpointQry-OrganizationAffiliation",
    "version": "0.0.1",
    "name": "NatlDirEndpointQryOrganizationAffiliation"
  },
  {
    "id": "NatlDirEndpointQry-OrganizationAffiliationComplete",
    "type": "StructureDefinition",
    "url": "http://hl7.org/fhir/us/fhir-directory-query/StructureDefinition/NatlDirEndpointQry-OrganizationAffiliationComplete",
    "version": "0.0.1",
    "name": "NatlDirEndpointQryOrganizationAffiliationComplete"
  },
  {
    "id": "NatlDirEndpointQry-OrganizationComplete",
    "type": "StructureDefinition",
    "url": "http://hl7.org/fhir/us/fhir-directory-query/StructureDefinition/NatlDirEndpointQry-OrganizationComplete",
    "version": "0.0.1",
    "name": "NatlDirEndpointQryOrganizationComplete"
  },
  {
    "id": "NatlDirEndpointQry-Practitioner",
    "type": "StructureDefinition",
    "url": "http://hl7.org/fhir/us/fhir-directory-query/StructureDefinition/NatlDirEndpointQry-Practitioner",
    "version": "0.0.1",
    "name": "NatlDirEndpointQryPractitioner"
  },
  {
    "id": "NatlDirEndpointQry-PractitionerComplete",
    "type": "StructureDefinition",
    "url": "http://hl7.org/fhir/us/fhir-directory-query/StructureDefinition/NatlDirEndpointQry-PractitionerComplete",
    "version": "0.0.1",
    "name": "NatlDirEndpointQryPractitionerComplete"
  },
  {
    "id": "NatlDirEndpointQry-PractitionerRole",
    "type": "StructureDefinition",
    "url": "http://hl7.org/fhir/us/fhir-directory-query/StructureDefinition/NatlDirEndpointQry-PractitionerRole",
    "version": "0.0.1",
    "name": "NatlDirEndpointQryPractitionerRole"
  },
  {
    "id": "NatlDirEndpointQry-PractitionerRoleComplete",
    "type": "StructureDefinition",
    "url": "http://hl7.org/fhir/us/fhir-directory-query/StructureDefinition/NatlDirEndpointQry-PractitionerRoleComplete",
    "version": "0.0.1",
    "name": "NatlDirEndpointQryPractitionerRoleComplete"
  },
  {
    "id": "accessibility",
    "type": "StructureDefinition",
    "url": "http://hl7.org/fhir/us/fhir-directory-query/StructureDefinition/accessibility",
    "version": "0.0.1",
    "name": "Accessibility"
  },
  {
    "id": "associatedServers",
    "type": "StructureDefinition",
    "url": "http://hl7.org/fhir/us/fhir-directory-query/StructureDefinition/associatedServers",
    "version": "0.0.1",
    "name": "AssociatedServers"
  },
  {
    "id": "careteam-alias",
    "type": "StructureDefinition",
    "url": "http://hl7.org/fhir/us/fhir-directory-query/StructureDefinition/careteam-alias",
    "version": "0.0.1",
    "name": "CareteamAlias"
  },
  {
    "id": "communication-proficiency",
    "type": "StructureDefinition",
    "url": "http://hl7.org/fhir/us/fhir-directory-query/StructureDefinition/communication-proficiency",
    "version": "0.0.1",
    "name": "CommunicationProficiency"
  },
  {
    "id": "contactpoint-availabletime",
    "type": "StructureDefinition",
    "url": "http://hl7.org/fhir/us/fhir-directory-query/StructureDefinition/contactpoint-availabletime",
    "version": "0.0.1",
    "name": "ContactPointAvailableTime"
  },
  {
    "id": "contactpoint-viaintermediary",
    "type": "StructureDefinition",
    "url": "http://hl7.org/fhir/us/fhir-directory-query/StructureDefinition/contactpoint-viaintermediary",
    "version": "0.0.1",
    "name": "ContactPointViaIntermediary"
  },
  {
    "id": "delivery-method",
    "type": "StructureDefinition",
    "url": "http://hl7.org/fhir/us/fhir-directory-query/StructureDefinition/delivery-method",
    "version": "0.0.1",
    "name": "DeliveryMethod"
  },
  {
    "id": "digitalcertificate",
    "type": "StructureDefinition",
    "url": "http://hl7.org/fhir/us/fhir-directory-query/StructureDefinition/digitalcertificate",
    "version": "0.0.1",
    "name": "DigitalCertificate"
  },
  {
    "id": "dynamicRegistration",
    "type": "StructureDefinition",
    "url": "http://hl7.org/fhir/us/fhir-directory-query/StructureDefinition/dynamicRegistration",
    "version": "0.0.1",
    "name": "DynamicRegistration"
  },
  {
    "id": "endpoint-reference",
    "type": "StructureDefinition",
    "url": "http://hl7.org/fhir/us/fhir-directory-query/StructureDefinition/endpoint-reference",
    "version": "0.0.1",
    "name": "EndpointReference"
  },
  {
    "id": "endpoint-usecase",
    "type": "StructureDefinition",
    "url": "http://hl7.org/fhir/us/fhir-directory-query/StructureDefinition/endpoint-usecase",
    "version": "0.0.1",
    "name": "EndpointUsecase"
  },
  {
    "id": "endpointType",
    "type": "StructureDefinition",
    "url": "http://hl7.org/fhir/us/fhir-directory-query/StructureDefinition/endpointType",
    "version": "0.0.1",
    "name": "EndpointType"
  },
  {
    "id": "healthcareservice-reference",
    "type": "StructureDefinition",
    "url": "http://hl7.org/fhir/us/fhir-directory-query/StructureDefinition/healthcareservice-reference",
    "version": "0.0.1",
    "name": "HealthcareServiceReference"
  },
  {
    "id": "identifier-status",
    "type": "StructureDefinition",
    "url": "http://hl7.org/fhir/us/fhir-directory-query/StructureDefinition/identifier-status",
    "version": "0.0.1",
    "name": "IdentifierStatus"
  },
  {
    "id": "igsSupported",
    "type": "StructureDefinition",
    "url": "http://hl7.org/fhir/us/fhir-directory-query/StructureDefinition/igsSupported",
    "version": "0.0.1",
    "name": "IGsSupported"
  },
  {
    "id": "insuranceplan-reference",
    "type": "StructureDefinition",
    "url": "http://hl7.org/fhir/us/fhir-directory-query/StructureDefinition/insuranceplan-reference",
    "version": "0.0.1",
    "name": "InsurancePlanReference"
  },
  {
    "id": "location-reference",
    "type": "StructureDefinition",
    "url": "http://hl7.org/fhir/us/fhir-directory-query/StructureDefinition/location-reference",
    "version": "0.0.1",
    "name": "LocationReference"
  },
  {
    "id": "network-reference",
    "type": "StructureDefinition",
    "url": "http://hl7.org/fhir/us/fhir-directory-query/StructureDefinition/network-reference",
    "version": "0.0.1",
    "name": "NetworkReference"
  },
  {
    "id": "newpatientprofile",
    "type": "StructureDefinition",
    "url": "http://hl7.org/fhir/us/fhir-directory-query/StructureDefinition/newpatientprofile",
    "version": "0.0.1",
    "name": "NewPatientProfile"
  },
  {
    "id": "newpatients",
    "type": "StructureDefinition",
    "url": "http://hl7.org/fhir/us/fhir-directory-query/StructureDefinition/newpatients",
    "version": "0.0.1",
    "name": "NewPatients"
  },
  {
    "id": "org-alias-period",
    "type": "StructureDefinition",
    "url": "http://hl7.org/fhir/us/fhir-directory-query/StructureDefinition/org-alias-period",
    "version": "0.0.1",
    "name": "OrgAliasPeriod"
  },
  {
    "id": "org-alias-type",
    "type": "StructureDefinition",
    "url": "http://hl7.org/fhir/us/fhir-directory-query/StructureDefinition/org-alias-type",
    "version": "0.0.1",
    "name": "OrgAliasType"
  },
  {
    "id": "org-description",
    "type": "StructureDefinition",
    "url": "http://hl7.org/fhir/us/fhir-directory-query/StructureDefinition/org-description",
    "version": "0.0.1",
    "name": "OrgDescription"
  },
  {
    "id": "practitioner-qualification",
    "type": "StructureDefinition",
    "url": "http://hl7.org/fhir/us/fhir-directory-query/StructureDefinition/practitioner-qualification",
    "version": "0.0.1",
    "name": "PractitionerQualification"
  },
  {
    "id": "qualification",
    "type": "StructureDefinition",
    "url": "http://hl7.org/fhir/us/fhir-directory-query/StructureDefinition/qualification",
    "version": "0.0.1",
    "name": "Qualification"
  },
  {
    "id": "rating",
    "type": "StructureDefinition",
    "url": "http://hl7.org/fhir/us/fhir-directory-query/StructureDefinition/rating",
    "version": "0.0.1",
    "name": "Rating"
  },
  {
    "id": "secureEndpoint",
    "type": "StructureDefinition",
    "url": "http://hl7.org/fhir/us/fhir-directory-query/StructureDefinition/secureEndpoint",
    "version": "0.0.1",
    "name": "SecureEndpoint"
  },
  {
    "id": "secureExchangeArtifacts",
    "type": "StructureDefinition",
    "url": "http://hl7.org/fhir/us/fhir-directory-query/StructureDefinition/secureExchangeArtifacts",
    "version": "0.0.1",
    "name": "SecureExchangeArtifacts"
  },
  {
    "id": "trustFramework",
    "type": "StructureDefinition",
    "url": "http://hl7.org/fhir/us/fhir-directory-query/StructureDefinition/trustFramework",
    "version": "0.0.1",
    "name": "TrustFramework"
  },
  {
    "id": "via-intermediary",
    "type": "StructureDefinition",
    "url": "http://hl7.org/fhir/us/fhir-directory-query/StructureDefinition/via-intermediary",
    "version": "0.0.1",
    "name": "ViaIntermediary"
  },
  {
    "id": "AcceptingPatientsVS",
    "type": "ValueSet",
    "url": "http://hl7.org/fhir/us/fhir-directory-query/ValueSet/AcceptingPatientsVS",
    "version": "0.0.1",
    "name": "AcceptingPatientsVS"
  },
  {
    "id": "AccessibilityVS",
    "type": "ValueSet",
    "url": "http://hl7.org/fhir/us/fhir-directory-query/ValueSet/AccessibilityVS",
    "version": "0.0.1",
    "name": "AccessibilityVS"
  },
  {
    "id": "DeliveryMethodVS",
    "type": "ValueSet",
    "url": "http://hl7.org/fhir/us/fhir-directory-query/ValueSet/DeliveryMethodVS",
    "version": "0.0.1",
    "name": "DeliveryMethodVS"
  },
  {
    "id": "EndpointConnectionTypeVS",
    "type": "ValueSet",
    "url": "http://hl7.org/fhir/us/fhir-directory-query/ValueSet/EndpointConnectionTypeVS",
    "version": "0.0.1",
    "name": "EndpointConnectionTypeVS"
  },
  {
    "id": "EndpointPayloadTypeVS",
    "type": "ValueSet",
    "url": "http://hl7.org/fhir/us/fhir-directory-query/ValueSet/EndpointPayloadTypeVS",
    "version": "0.0.1",
    "name": "EndpointPayloadTypeVS"
  },
  {
    "id": "EndpointTypeVS",
    "type": "ValueSet",
    "url": "http://hl7.org/fhir/us/fhir-directory-query/ValueSet/EndpointTypeVS",
    "version": "0.0.1",
    "name": "EndpointTypeVS"
  },
  {
    "id": "EndpointUsecaseVS",
    "type": "ValueSet",
    "url": "http://hl7.org/fhir/us/fhir-directory-query/ValueSet/EndpointUsecaseVS",
    "version": "0.0.1",
    "name": "EndpointUsecaseVS"
  },
  {
    "id": "HealthcareServiceCategoryVS",
    "type": "ValueSet",
    "url": "http://hl7.org/fhir/us/fhir-directory-query/ValueSet/HealthcareServiceCategoryVS",
    "version": "0.0.1",
    "name": "HealthcareServiceCategoryVS"
  },
  {
    "id": "HealthcareServiceTypeVS",
    "type": "ValueSet",
    "url": "http://hl7.org/fhir/us/fhir-directory-query/ValueSet/HealthcareServiceTypeVS",
    "version": "0.0.1",
    "name": "HealthcareServiceTypeVS"
  },
  {
    "id": "IgTypeVS",
    "type": "ValueSet",
    "url": "http://hl7.org/fhir/us/fhir-directory-query/ValueSet/IgTypeVS",
    "version": "0.0.1",
    "name": "IgTypeVS"
  },
  {
    "id": "IndividualAndGroupSpecialtiesVS",
    "type": "ValueSet",
    "url": "http://hl7.org/fhir/us/fhir-directory-query/ValueSet/IndividualAndGroupSpecialtiesVS",
    "version": "0.0.1",
    "name": "IndividualAndGroupSpecialtiesVS"
  },
  {
    "id": "IndividualSpecialtyAndDegreeLicenseCertificateVS",
    "type": "ValueSet",
    "url": "http://hl7.org/fhir/us/fhir-directory-query/ValueSet/IndividualSpecialtyAndDegreeLicenseCertificateVS",
    "version": "0.0.1",
    "name": "IndividualSpecialtyAndDegreeLicenseCertificateVS"
  },
  {
    "id": "InsurancePlanTypeVS",
    "type": "ValueSet",
    "url": "http://hl7.org/fhir/us/fhir-directory-query/ValueSet/InsurancePlanTypeVS",
    "version": "0.0.1",
    "name": "InsurancePlanTypeVS"
  },
  {
    "id": "InsuranceProductTypeVS",
    "type": "ValueSet",
    "url": "http://hl7.org/fhir/us/fhir-directory-query/ValueSet/InsuranceProductTypeVS",
    "version": "0.0.1",
    "name": "InsuranceProductTypeVS"
  },
  {
    "id": "LanguageProficiencyVS",
    "type": "ValueSet",
    "url": "http://hl7.org/fhir/us/fhir-directory-query/ValueSet/LanguageProficiencyVS",
    "version": "0.0.1",
    "name": "LanguageProficiencyVS"
  },
  {
    "id": "MinEndpointConnectionTypeVS",
    "type": "ValueSet",
    "url": "http://hl7.org/fhir/us/fhir-directory-query/ValueSet/MinEndpointConnectionTypeVS",
    "version": "0.0.1",
    "name": "MinEndpointConnectionTypeVS"
  },
  {
    "id": "NetworkTypeVS",
    "type": "ValueSet",
    "url": "http://hl7.org/fhir/us/fhir-directory-query/ValueSet/NetworkTypeVS",
    "version": "0.0.1",
    "name": "NetworkTypeVS"
  },
  {
    "id": "NonIndividualSpecialtiesVS",
    "type": "ValueSet",
    "url": "http://hl7.org/fhir/us/fhir-directory-query/ValueSet/NonIndividualSpecialtiesVS",
    "version": "0.0.1",
    "name": "NonIndividualSpecialtiesVS"
  },
  {
    "id": "NonIndividualSpecialtyAndDegreeLicenseCertificateVS",
    "type": "ValueSet",
    "url": "http://hl7.org/fhir/us/fhir-directory-query/ValueSet/NonIndividualSpecialtyAndDegreeLicenseCertificateVS",
    "version": "0.0.1",
    "name": "NonIndividualSpecialtyAndDegreeLicenseCertificateVS"
  },
  {
    "id": "OrgTypeVS",
    "type": "ValueSet",
    "url": "http://hl7.org/fhir/us/fhir-directory-query/ValueSet/OrgTypeVS",
    "version": "0.0.1",
    "name": "OrgTypeVS"
  },
  {
    "id": "OrganizationAffiliationRoleVS",
    "type": "ValueSet",
    "url": "http://hl7.org/fhir/us/fhir-directory-query/ValueSet/OrganizationAffiliationRoleVS",
    "version": "0.0.1",
    "name": "OrganizationAffiliationRoleVS"
  },
  {
    "id": "PractitionerRoleVS",
    "type": "ValueSet",
    "url": "http://hl7.org/fhir/us/fhir-directory-query/ValueSet/PractitionerRoleVS",
    "version": "0.0.1",
    "name": "PractitionerRoleVS"
  },
  {
    "id": "QualificationStatusVS",
    "type": "ValueSet",
    "url": "http://hl7.org/fhir/us/fhir-directory-query/ValueSet/QualificationStatusVS",
    "version": "0.0.1",
    "name": "QualificationStatusVS"
  },
  {
    "id": "SpecialtiesVS",
    "type": "ValueSet",
    "url": "http://hl7.org/fhir/us/fhir-directory-query/ValueSet/SpecialtiesVS",
    "version": "0.0.1",
    "name": "SpecialtiesVS"
  },
  {
    "id": "SpecialtyAndDegreeLicenseCertificateVS",
    "type": "ValueSet",
    "url": "http://hl7.org/fhir/us/fhir-directory-query/ValueSet/SpecialtyAndDegreeLicenseCertificateVS",
    "version": "0.0.1",
    "name": "SpecialtyAndDegreeLicenseCertificateVS"
  },
  {
    "id": "TrustFrameworkTypeVS",
    "type": "ValueSet",
    "url": "http://hl7.org/fhir/us/fhir-directory-query/ValueSet/TrustFrameworkTypeVS",
    "version": "0.0.1",
    "name": "TrustFrameworkTypeVS"
  },
  {
    "id": "VirtualModalitiesVS",
    "type": "ValueSet",
    "url": "http://hl7.org/fhir/us/fhir-directory-query/ValueSet/VirtualModalitiesVS",
    "version": "0.0.1",
    "name": "VirtualModalitiesVS"
  },
  {
    "id": "HealthcareService-coverage-area",
    "type": "SearchParameter",
    "url": "https://build.fhir.org/ig/HL7/fhir-directory-query/SearchParameter-HealthcareService-coverage-area.html",
    "version": "0.0.1",
    "name": "HealthcareService-coverage-areaSearchParameter"
  },
  {
    "id": "HealthcareService-endpoint",
    "type": "SearchParameter",
    "url": "https://build.fhir.org/ig/HL7/fhir-directory-query/SearchParameter-HealthcareService-endpoint.html",
    "version": "0.0.1",
    "name": "HealthcareService-categorySearchParameter"
  },
  {
    "id": "HealthcareService-location",
    "type": "SearchParameter",
    "url": "https://build.fhir.org/ig/HL7/fhir-directory-query/SearchParameter-HealthcareService-location.html",
    "version": "0.0.1",
    "name": "HealthcareService-locationSearchParameter"
  },
  {
    "id": "HealthcareService-name",
    "type": "SearchParameter",
    "url": "https://build.fhir.org/ig/HL7/fhir-directory-query/SearchParameter-HealthcareService-name.html",
    "version": "0.0.1",
    "name": "HealthcareService-nameSearchParameter"
  },
  {
    "id": "HealthcareService-organization",
    "type": "SearchParameter",
    "url": "https://build.fhir.org/ig/HL7/fhir-directory-query/SearchParameter-HealthcareService-organization.html",
    "version": "0.0.1",
    "name": "HealthcareService-organizationSearchParameter"
  },
  {
    "id": "HealthcareService-service-category",
    "type": "SearchParameter",
    "url": "https://build.fhir.org/ig/HL7/fhir-directory-query/SearchParameter-HealthcareService-service-category.html",
    "version": "0.0.1",
    "name": "HealthcareService-categorySearchParameter"
  },
  {
    "id": "HealthcareService-service-type",
    "type": "SearchParameter",
    "url": "https://build.fhir.org/ig/HL7/fhir-directory-query/SearchParameter-HealthcareService-service-type.html",
    "version": "0.0.1",
    "name": "HealthcareService-service-typeSearchParameter"
  },
  {
    "id": "HealthcareService-specialty",
    "type": "SearchParameter",
    "url": "https://build.fhir.org/ig/HL7/fhir-directory-query/SearchParameter-HealthcareService-specialty.html",
    "version": "0.0.1",
    "name": "HealthcareService-specialtySearchParameter"
  },
  {
    "id": "InsurancePlan-administrated-by",
    "type": "SearchParameter",
    "url": "https://build.fhir.org/ig/HL7/fhir-directory-query/SearchParameter-InsurancePlan-administrated-by.html",
    "version": "0.0.1",
    "name": "InsurancePlan-administrated-bySearchParameter"
  },
  {
    "id": "InsurancePlan-coverage-area",
    "type": "SearchParameter",
    "url": "https://build.fhir.org/ig/HL7/fhir-directory-query/SearchParameter-InsurancePlan-coverage-area.html",
    "version": "0.0.1",
    "name": "InsurancePlan-coverage-areaSearchParameter"
  },
  {
    "id": "InsurancePlan-coverage-benefit-type",
    "type": "SearchParameter",
    "url": "https://build.fhir.org/ig/HL7/fhir-directory-query/SearchParameter-InsurancePlan-coverage-benefit-type.html",
    "version": "0.0.1",
    "name": "InsurancePlan-coverage-benefit-typeSearchParameter"
  },
  {
    "id": "InsurancePlan-coverage-network",
    "type": "SearchParameter",
    "url": "https://build.fhir.org/ig/HL7/fhir-directory-query/SearchParameter-InsurancePlan-coverage-network.html",
    "version": "0.0.1",
    "name": "InsurancePlan-coverage-networkSearchParameter"
  },
  {
    "id": "InsurancePlan-identifier",
    "type": "SearchParameter",
    "url": "https://build.fhir.org/ig/HL7/fhir-directory-query/SearchParameter-InsurancePlan-identifier.html",
    "version": "0.0.1",
    "name": "InsurancePlan-identifierSearchParameter"
  },
  {
    "id": "InsurancePlan-owned-by",
    "type": "SearchParameter",
    "url": "https://build.fhir.org/ig/HL7/fhir-directory-query/SearchParameter-InsurancePlan-owned-by.html",
    "version": "0.0.1",
    "name": "InsurancePlan-owned-bySearchParameter"
  },
  {
    "id": "InsurancePlan-name",
    "type": "SearchParameter",
    "url": "https://build.fhir.org/ig/HL7/fhir-directory-query/SearchParameter-InsurancePlan-specialty.html",
    "version": "0.0.1",
    "name": "InsurancePlan-specialtySearchParameter"
  },
  {
    "id": "InsurancePlan-type",
    "type": "SearchParameter",
    "url": "https://build.fhir.org/ig/HL7/fhir-directory-query/SearchParameter-InsurancePlan-type.html",
    "version": "0.0.1",
    "name": "InsurancePlan-typeSearchParameter"
  },
  {
    "id": "Location-address",
    "type": "SearchParameter",
    "url": "https://build.fhir.org/ig/HL7/fhir-directory-query/SearchParameter-Location-address.html",
    "version": "0.0.1",
    "name": "Location-addressSearchParameter"
  },
  {
    "id": "Location-endpoint",
    "type": "SearchParameter",
    "url": "https://build.fhir.org/ig/HL7/fhir-directory-query/SearchParameter-Location-endpoint.html",
    "version": "0.0.1",
    "name": "Location-endpointSearchParameter"
  },
  {
    "id": "Location-organization",
    "type": "SearchParameter",
    "url": "https://build.fhir.org/ig/HL7/fhir-directory-query/SearchParameter-Location-organization.html",
    "version": "0.0.1",
    "name": "Location-organizationSearchParameter"
  },
  {
    "id": "Location-partOf",
    "type": "SearchParameter",
    "url": "https://build.fhir.org/ig/HL7/fhir-directory-query/SearchParameter-Location-partOf.html",
    "version": "0.0.1",
    "name": "Location-partOfSearchParameter"
  },
  {
    "id": "Location-physicalType",
    "type": "SearchParameter",
    "url": "https://build.fhir.org/ig/HL7/fhir-directory-query/SearchParameter-Location-physicalType.html",
    "version": "0.0.1",
    "name": "Location-physicalTypeSearchParameter"
  },
  {
    "id": "Location-type",
    "type": "SearchParameter",
    "url": "https://build.fhir.org/ig/HL7/fhir-directory-query/SearchParameter-Location-type.html",
    "version": "0.0.1",
    "name": "Location-typeSearchParameter"
  },
  {
    "id": "Network-coverage-area",
    "type": "SearchParameter",
    "url": "https://build.fhir.org/ig/HL7/fhir-directory-query/SearchParameter-Network-coverage-area.html",
    "version": "0.0.1",
    "name": "Network-coverage-areaSearchParameter"
  },
  {
    "id": "Network-name",
    "type": "SearchParameter",
    "url": "https://build.fhir.org/ig/HL7/fhir-directory-query/SearchParameter-Network-name.html",
    "version": "0.0.1",
    "name": "name-specialtySearchParameter"
  },
  {
    "id": "Organization-address",
    "type": "SearchParameter",
    "url": "https://build.fhir.org/ig/HL7/fhir-directory-query/SearchParameter-Organization-address.html",
    "version": "0.0.1",
    "name": "Organization-addressSearchParameter"
  },
  {
    "id": "Organization-endpoint",
    "type": "SearchParameter",
    "url": "https://build.fhir.org/ig/HL7/fhir-directory-query/SearchParameter-Organization-endpoint.html",
    "version": "0.0.1",
    "name": "Organization-endpointSearchParameter"
  },
  {
    "id": "Organization-identifier",
    "type": "SearchParameter",
    "url": "https://build.fhir.org/ig/HL7/fhir-directory-query/SearchParameter-Organization-identifier.html",
    "version": "0.0.1",
    "name": "Organization-identifierSearchParameter"
  },
  {
    "id": "Organization-name",
    "type": "SearchParameter",
    "url": "https://build.fhir.org/ig/HL7/fhir-directory-query/SearchParameter-Organization-name.html",
    "version": "0.0.1",
    "name": "Organization-nameSearchParameter"
  },
  {
    "id": "Organization-partOf",
    "type": "SearchParameter",
    "url": "https://build.fhir.org/ig/HL7/fhir-directory-query/SearchParameter-Organization-partOf.html",
    "version": "0.0.1",
    "name": "Organization-partOfSearchParameter"
  },
  {
    "id": "Organization-type",
    "type": "SearchParameter",
    "url": "https://build.fhir.org/ig/HL7/fhir-directory-query/SearchParameter-Organization-type.html",
    "version": "0.0.1",
    "name": "Organization-typeSearchParameter"
  },
  {
    "id": "OrganizationAffiliation-endpoint",
    "type": "SearchParameter",
    "url": "https://build.fhir.org/ig/HL7/fhir-directory-query/SearchParameter-OrganizationAffiliation-endpoint.html",
    "version": "0.0.1",
    "name": "OrganizationAffiliation-endpointSearchParameter"
  },
  {
    "id": "OrganizationAffiliation-location",
    "type": "SearchParameter",
    "url": "https://build.fhir.org/ig/HL7/fhir-directory-query/SearchParameter-OrganizationAffiliation-location.html",
    "version": "0.0.1",
    "name": "OrganizationAffiliation-locationSearchParameter"
  },
  {
    "id": "OrganizationAffiliation-network",
    "type": "SearchParameter",
    "url": "https://build.fhir.org/ig/HL7/fhir-directory-query/SearchParameter-OrganizationAffiliation-network.html",
    "version": "0.0.1",
    "name": "OrganizationAffiliation-networkSearchParameter"
  },
  {
    "id": "OrganizationAffiliation-participating-organization",
    "type": "SearchParameter",
    "url": "https://build.fhir.org/ig/HL7/fhir-directory-query/SearchParameter-OrganizationAffiliation-participating-organization.html",
    "version": "0.0.1",
    "name": "OrganizationAffiliation-participating-organizationfSearchParameter"
  },
  {
    "id": "OrganizationAffiliation-primary-organization",
    "type": "SearchParameter",
    "url": "https://build.fhir.org/ig/HL7/fhir-directory-query/SearchParameter-OrganizationAffiliation-primary-organization.html",
    "version": "0.0.1",
    "name": "OrganizationAffiliation-primary-organizationSearchParameter"
  },
  {
    "id": "OrganizationAffiliation-role",
    "type": "SearchParameter",
    "url": "https://build.fhir.org/ig/HL7/fhir-directory-query/SearchParameter-OrganizationAffiliation-role.html",
    "version": "0.0.1",
    "name": "OrganizationAffiliation-roleSearchParameter"
  },
  {
    "id": "OrganizationAffiliation-service",
    "type": "SearchParameter",
    "url": "https://build.fhir.org/ig/HL7/fhir-directory-query/SearchParameter-OrganizationAffiliation-service.html",
    "version": "0.0.1",
    "name": "OrganizationAffiliation-serviceSearchParameter"
  },
  {
    "id": "OrganizationAffiliation-specialty",
    "type": "SearchParameter",
    "url": "https://build.fhir.org/ig/HL7/fhir-directory-query/SearchParameter-OrganizationAffiliation-specialty.html",
    "version": "0.0.1",
    "name": "OrganizationAffiliation-specialtySearchParameter"
  },
  {
    "id": "Practicioner-family",
    "type": "SearchParameter",
    "url": "https://build.fhir.org/ig/HL7/fhir-directory-query/SearchParameter-Practicioner-family.html",
    "version": "0.0.1",
    "name": "Practicioner-familySearchParameter"
  },
  {
    "id": "Practicioner-given",
    "type": "SearchParameter",
    "url": "https://build.fhir.org/ig/HL7/fhir-directory-query/SearchParameter-Practicioner-given.html",
    "version": "0.0.1",
    "name": "Practicioner-givenSearchParameter"
  },
  {
    "id": "Practicioner-identifier-assigner",
    "type": "SearchParameter",
    "url": "https://build.fhir.org/ig/HL7/fhir-directory-query/SearchParameter-Practicioner-identifier-assigner.html",
    "version": "0.0.1",
    "name": "Practicioner-identifier-assignerSearchParameter"
  },
  {
    "id": "Practicioner-identifier",
    "type": "SearchParameter",
    "url": "https://build.fhir.org/ig/HL7/fhir-directory-query/SearchParameter-Practicioner-identifier.html",
    "version": "0.0.1",
    "name": "Practicioner-identifierSearchParameter"
  },
  {
    "id": "Practicioner-name",
    "type": "SearchParameter",
    "url": "https://build.fhir.org/ig/HL7/fhir-directory-query/SearchParameter-Practicioner-name.html",
    "version": "0.0.1",
    "name": "Practicioner-nameSearchParameter"
  },
  {
    "id": "Practicioner-qualification-code",
    "type": "SearchParameter",
    "url": "https://build.fhir.org/ig/HL7/fhir-directory-query/SearchParameter-Practicioner-qualification-code.html",
    "version": "0.0.1",
    "name": "Practicioner-qualification-codeSearchParameter"
  },
  {
    "id": "Practicioner-qualification-issuer",
    "type": "SearchParameter",
    "url": "https://build.fhir.org/ig/HL7/fhir-directory-query/SearchParameter-Practicioner-qualification-issuer.html",
    "version": "0.0.1",
    "name": "Practicioner-qualification-issuerSearchParameter"
  },
  {
    "id": "PracticionerRole-Practicioner",
    "type": "SearchParameter",
    "url": "https://build.fhir.org/ig/HL7/fhir-directory-query/SearchParameter-PracticionerRole-Practicioner.html",
    "version": "0.0.1",
    "name": "PracticionerRole-PracticionerSearchParameter"
  },
  {
    "id": "PracticionerRole-endpoint",
    "type": "SearchParameter",
    "url": "https://build.fhir.org/ig/HL7/fhir-directory-query/SearchParameter-PracticionerRole-endpoint.html",
    "version": "0.0.1",
    "name": "PracticionerRole-endpointSearchParameter"
  },
  {
    "id": "PracticionerRole-location",
    "type": "SearchParameter",
    "url": "https://build.fhir.org/ig/HL7/fhir-directory-query/SearchParameter-PracticionerRole-location.html",
    "version": "0.0.1",
    "name": "PracticionerRole-locationSearchParameter"
  },
  {
    "id": "PracticionerRole-network",
    "type": "SearchParameter",
    "url": "https://build.fhir.org/ig/HL7/fhir-directory-query/SearchParameter-PracticionerRole-network.html",
    "version": "0.0.1",
    "name": "PracticionerRole-networkSearchParameter"
  },
  {
    "id": "PracticionerRole-organization",
    "type": "SearchParameter",
    "url": "https://build.fhir.org/ig/HL7/fhir-directory-query/SearchParameter-PracticionerRole-organization.html",
    "version": "0.0.1",
    "name": "PracticionerRole-organizationSearchParameter"
  },
  {
    "id": "PracticionerRole-role",
    "type": "SearchParameter",
    "url": "https://build.fhir.org/ig/HL7/fhir-directory-query/SearchParameter-PracticionerRole-role.html",
    "version": "0.0.1",
    "name": "PracticionerRole-roleSearchParameter"
  },
  {
    "id": "PracticionerRole-service",
    "type": "SearchParameter",
    "url": "https://build.fhir.org/ig/HL7/fhir-directory-query/SearchParameter-PracticionerRole-service.html",
    "version": "0.0.1",
    "name": "PracticionerRole-serviceSearchParameter"
  },
  {
    "id": "PracticionerRole-specialty",
    "type": "SearchParameter",
    "url": "https://build.fhir.org/ig/HL7/fhir-directory-query/SearchParameter-PracticionerRole-specialty.html",
    "version": "0.0.1",
    "name": "PracticionerRole-specialtySearchParameter"
  },
  {
    "id": "VerificationResult-attestation-who",
    "type": "SearchParameter",
    "url": "https://build.fhir.org/ig/HL7/fhir-directory-query/SearchParameter-VerificationResult-attestation-who.html",
    "version": "0.0.1",
    "name": "VerificationResult-attestation-who-bySearchParameter"
  },
  {
    "id": "VerificationResult-primarysource-who",
    "type": "SearchParameter",
    "url": "https://build.fhir.org/ig/HL7/fhir-directory-query/SearchParameter-VerificationResult-primarysource-who.html",
    "version": "0.0.1",
    "name": "VerificationResult-primarysource-who-bySearchParameter"
  },
  {
    "id": "VerificationResult-target",
    "type": "SearchParameter",
    "url": "https://build.fhir.org/ig/HL7/fhir-directory-query/SearchParameter-VerificationResult-target.html",
    "version": "0.0.1",
    "name": "VerificationResult-target-bySearchParameter"
  },
  {
    "id": "careTeam-endpoint",
    "type": "SearchParameter",
    "url": "https://build.fhir.org/ig/HL7/fhir-directory-query/SearchParameter-careteam-endpoint.html",
    "version": "0.0.1",
    "name": "careTeam-endpointSearchParameter"
  },
  {
    "id": "careTeam-location",
    "type": "SearchParameter",
    "url": "https://build.fhir.org/ig/HL7/fhir-directory-query/SearchParameter-careteam-location.html",
    "version": "0.0.1",
    "name": "careTeam-locationSearchParameter"
  },
  {
    "id": "careTeam-category",
    "type": "SearchParameter",
    "url": "https://build.fhir.org/ig/HL7/fhir-directory-query/SearchParameter-careteam-name.html",
    "version": "0.0.1",
    "name": "careTeam-categorySearchParameter"
  },
  {
    "id": "careTeam-name",
    "type": "SearchParameter",
    "url": "https://build.fhir.org/ig/HL7/fhir-directory-query/SearchParameter-careteam-name.html",
    "version": "0.0.1",
    "name": "careTeam-nameSearchParameter"
  },
  {
    "id": "careTeam-organization",
    "type": "SearchParameter",
    "url": "https://build.fhir.org/ig/HL7/fhir-directory-query/SearchParameter-careteam-name.html",
    "version": "0.0.1",
    "name": "careTeam-organizationSearchParameter"
  },
  {
    "id": "careTeam-service",
    "type": "SearchParameter",
    "url": "https://build.fhir.org/ig/HL7/fhir-directory-query/SearchParameter-careteam-name.html",
    "version": "0.0.1",
    "name": "careTeam-serviceSearchParameter"
  },
  {
    "id": "Endpoint-connection-type",
    "type": "SearchParameter",
    "url": "https://build.fhir.org/ig/HL7/fhir-directory-query/SearchParameter-endpoint-connection-type.html",
    "version": "0.0.1",
    "name": "NatlDirEndpointQryConnection-type"
  },
  {
    "id": "Endpoint-identifier",
    "type": "SearchParameter",
    "url": "https://build.fhir.org/ig/HL7/fhir-directory-query/SearchParameter-endpoint-identifier.html",
    "version": "0.0.1",
    "name": "NatlDirEndpointQryIdentifier"
  },
  {
    "id": "Endpoint-mime-type",
    "type": "SearchParameter",
    "url": "https://build.fhir.org/ig/HL7/fhir-directory-query/SearchParameter-endpoint-mime-type.html",
    "version": "0.0.1",
    "name": "NatlDirEndpointQryMime-type"
  },
  {
    "id": "Endpoint-organization",
    "type": "SearchParameter",
    "url": "https://build.fhir.org/ig/HL7/fhir-directory-query/SearchParameter-endpoint-organization.html",
    "version": "0.0.1",
    "name": "NatlDirEndpointQryOrganization"
  },
  {
    "id": "Endpoint-payload-type",
    "type": "SearchParameter",
    "url": "https://build.fhir.org/ig/HL7/fhir-directory-query/SearchParameter-endpoint-payload-type.html",
    "version": "0.0.1",
    "name": "NatlDirEndpointQryPayload-type"
  },
  {
    "id": "Endpoint-status",
    "type": "SearchParameter",
    "url": "https://build.fhir.org/ig/HL7/fhir-directory-query/SearchParameter-endpoint-status.html",
    "version": "0.0.1",
    "name": "NatlDirEndpointQryStatus"
  },
  {
    "id": "Endpoint-usecase-standard",
    "type": "SearchParameter",
    "url": "https://build.fhir.org/ig/HL7/fhir-directory-query/SearchParameter-endpoint-usecase-standard.html",
    "version": "0.0.1",
    "name": "NatlDirEndpointQryUsecase-standard"
  },
  {
    "id": "Endpoint-usecase-type",
    "type": "SearchParameter",
    "url": "https://build.fhir.org/ig/HL7/fhir-directory-query/SearchParameter-endpoint-usecase-type.html",
    "version": "0.0.1",
    "name": "NatlDirEndpointQryUsecase-type"
  }
]