<?xml version="1.0" encoding="UTF-8"?>

<CapabilityStatement xmlns="http://hl7.org/fhir">
  <id value="fhir-directory-query-basic-expanded"/>
  <text>
    <status value="extensions"/><div xmlns="http://www.w3.org/1999/xhtml"><h2>CapabilityStatementFhirDirectoryQueryBasicExpanded</h2><div><p>Capabilities for a Basic Federated Query Server for where expanded search capabilities are met</p>
</div><table><tr><td>Mode</td><td>SERVER</td></tr><tr><td>Description</td><td><div><p>A Federated Query server <strong>SHALL</strong>:</p>
<ol>
<li>Support all profiles defined in this Implementation Guide..</li>
<li>Implement the RESTful behavior according to the FHIR specification.</li>
<li>Return the following response classes:
<ul>
<li>(Status 400): invalid parameter</li>
<li>(Status 401/4xx): unauthorized request</li>
<li>(Status 403): insufficient scope</li>
<li>(Status 404): unknown resource</li>
<li>(Status 410): deleted resource.</li>
</ul>
</li>
<li>Support json source formats for all Federated Query interactions.</li>
<li>Identify the Federated Query  profiles supported as part of the FHIR <code>meta.profile</code> attribute for each instance.</li>
<li>Support the searchParameters on each profile individually and in combination.</li>
</ol>
<p>The Federated Query Server <strong>SHOULD</strong>:</p>
<ol>
<li>Support xml source formats for all Federated Query interactions.</li>
</ol>
</div></td></tr><tr><td>Transaction</td><td></td></tr><tr><td>System History</td><td></td></tr><tr><td>System Search</td><td></td></tr></table><table><tr><th><b>Resource Type</b></th><th><b>Profile</b></th><th><b title="GET a resource (read interaction)">Read</b></th><th><b title="GET all set of resources of the type (search interaction)">Search</b></th><th><b title="PUT a new resource version (update interaction)">Update</b></th><th><b title="POST a new resource (create interaction)">Create</b></th></tr><tr><td>Endpoint</td><td>Supported profiles:<br/>  <a href="https://build.fhir.org/ig/HL7/fhir-directory-query/StructureDefinition-NatlDirEndpointQry-EndpointComplete.html">https://build.fhir.org/ig/HL7/fhir-directory-query/StructureDefinition-NatlDirEndpointQry-EndpointComplete.html</a></td><td></td><td></td><td></td><td></td></tr><tr><td>HealthcareService</td><td>Supported profiles:<br/>  <a href="https://build.fhir.org/ig/HL7/fhir-directory-query/StructureDefinition-NatlDirEndpointQry-HealthcareServiceComplete.html">https://build.fhir.org/ig/HL7/fhir-directory-query/StructureDefinition-NatlDirEndpointQry-HealthcareServiceComplete.html</a></td><td></td><td></td><td></td><td></td></tr><tr><td>InsurancePlan</td><td>Supported profiles:<br/>  <a href="https://build.fhir.org/ig/HL7/fhir-directory-query/StructureDefinition-NatlDirEndpointQry-InsurancePlanComplete.html">https://build.fhir.org/ig/HL7/fhir-directory-query/StructureDefinition-NatlDirEndpointQry-InsurancePlanComplete.html</a></td><td></td><td></td><td></td><td></td></tr><tr><td>Location</td><td>Supported profiles:<br/>  <a href="https://build.fhir.org/ig/HL7/fhir-directory-query/StructureDefinition-NatlDirEndpointQry-locationComplete.html">https://build.fhir.org/ig/HL7/fhir-directory-query/StructureDefinition-NatlDirEndpointQry-locationComplete.html</a></td><td></td><td></td><td></td><td></td></tr><tr><td>Organization</td><td>Supported profiles:<br/>  <a href="https://build.fhir.org/ig/HL7/fhir-directory-query/StructureDefinition-NatlDirEndpointQry-organizationComplete.html">https://build.fhir.org/ig/HL7/fhir-directory-query/StructureDefinition-NatlDirEndpointQry-organizationComplete.html</a><br/>  <a href="https://build.fhir.org/ig/HL7/fhir-directory-query/StructureDefinition-NatlDirEndpointQry-networkComplete.html">https://build.fhir.org/ig/HL7/fhir-directory-query/StructureDefinition-NatlDirEndpointQry-networkComplete.html</a></td><td></td><td></td><td></td><td></td></tr><tr><td>OrganizationAffiliation</td><td>Supported profiles:<br/>  <a href="https://build.fhir.org/ig/HL7/fhir-directory-query/StructureDefinition-NatlDirEndpointQry-organizationAffiliationComplete.html">https://build.fhir.org/ig/HL7/fhir-directory-query/StructureDefinition-NatlDirEndpointQry-organizationAffiliationComplete.html</a></td><td></td><td></td><td></td><td></td></tr><tr><td>Practitioner</td><td>Supported profiles:<br/>  <a href="https://build.fhir.org/ig/HL7/fhir-directory-query/StructureDefinition-NatlDirEndpointQry-PractitionerComplete.html">https://build.fhir.org/ig/HL7/fhir-directory-query/StructureDefinition-NatlDirEndpointQry-PractitionerComplete.html</a></td><td></td><td></td><td></td><td></td></tr><tr><td>PractitionerRole</td><td>Supported profiles:<br/>  <a href="https://build.fhir.org/ig/HL7/fhir-directory-query/StructureDefinition-NatlDirEndpointQry-PractitionerRoleComplete.html">https://build.fhir.org/ig/HL7/fhir-directory-query/StructureDefinition-NatlDirEndpointQry-PractitionerRoleComplete.html</a></td><td></td><td></td><td></td><td></td></tr><tr><td>Consent</td><td>Supported profiles:<br/>  <a href="https://build.fhir.org/ig/HL7/fhir-directory-query/StructureDefinition-NatlDirEndpointQry-Restriction.html">https://build.fhir.org/ig/HL7/fhir-directory-query/StructureDefinition-NatlDirEndpointQry-Restriction.html</a></td><td></td><td></td><td></td><td></td></tr><tr><td>VerificationResult</td><td>Supported profiles:<br/>  <a href="https://build.fhir.org/ig/HL7/fhir-directory-query/StructureDefinition-NatlDirEndpointQry-ValidationComplete.html">https://build.fhir.org/ig/HL7/fhir-directory-query/StructureDefinition-NatlDirEndpointQry-ValidationComplete.html</a></td><td></td><td></td><td></td><td></td></tr><tr><td>CareTeam</td><td>Supported profiles:<br/>  <a href="https://build.fhir.org/ig/HL7/fhir-directory-query/StructureDefinition-NatlDirEndpointQry-CareTeamComplete.html">https://build.fhir.org/ig/HL7/fhir-directory-query/StructureDefinition-NatlDirEndpointQry-CareTeamComplete.html</a></td><td></td><td></td><td></td><td></td></tr></table></div>
  </text>
  <url value="http://hl7.org/fhir/us/fhir-directory-query/CapabilityStatement/fhir-directory-query-basic-expanded"/>
  <version value="0.0.1"/>
  <name value="CapabilityStatementFhirDirectoryQueryBasicExpanded"/>
  <title value="Capability Statement Basic Federated Expanded Server"/>
  <status value="draft"/>
  <experimental value="true"/>
  <date value="2022-02-15T07:15:00.000000-04:00"/>
  <publisher value="HL7 Patient Administration Working Group"/>
  <contact>
    <name value="HL7 Patient Administration Working Group"/>
    <telecom>
      <system value="url"/>
      <value value="https://www.hl7.org/Special/committees/pafm/index.cfm"/>
    </telecom>
    <telecom>
      <system value="email"/>
      <value value="pafm@lists.HL7.org"/>
    </telecom>
  </contact>
  <description value="Capabilities for a Basic Federated Query Server for where expanded search capabilities are met"/>
  <jurisdiction>
    <coding>
      <system value="urn:iso:std:iso:3166"/>
      <code value="US"/>
    </coding>
  </jurisdiction>
  <kind value="requirements"/>
  <fhirVersion value="4.0.1"/>
  <format value="xml"/>
  <format value="json"/>
  <implementationGuide value="https://build.fhir.org/ig/HL7/fhir-directory-query/"/>
  <rest>
    <mode value="server"/>
    <documentation value="A Federated Query server **SHALL**:&#xA;&#xA;1. Support all profiles defined in this Implementation Guide..&#xA;1.  Implement the RESTful behavior according to the FHIR specification.&#xA;1. Return the following response classes:&#xA;   - (Status 400): invalid parameter&#xA;   - (Status 401/4xx): unauthorized request&#xA;   - (Status 403): insufficient scope&#xA;   - (Status 404): unknown resource&#xA;   - (Status 410): deleted resource.&#xA;1. Support json source formats for all Federated Query interactions.&#xA;1. Identify the Federated Query  profiles supported as part of the FHIR `meta.profile` attribute for each instance.&#xA;1. Support the searchParameters on each profile individually and in combination.&#xA;&#xA;The Federated Query Server **SHOULD**:&#xA;&#xA;1. Support xml source formats for all Federated Query interactions.&#xA;"/>
    <security>
      <description value="1. See the [General Security Considerations](https://www.hl7.org/fhir/security.html#general) section for requirements and recommendations.&#xA;1. A client **SHALL** reject any unauthorized requests by returning an `HTTP 401` unauthorized response code."/>
    </security>
    <resource>
      <type value="Endpoint"/>
      <supportedProfile value="https://build.fhir.org/ig/HL7/fhir-directory-query/StructureDefinition-NatlDirEndpointQry-EndpointComplete.html">
        <extension url="http://hl7.org/fhir/StructureDefinition/capabilitystatement-expectation">
          <valueCode value="SHALL"/>
        </extension>
      </supportedProfile>
      <searchParam>
        <extension url="http://hl7.org/fhir/StructureDefinition/capabilitystatement-expectation">
          <valueCode value="SHALL"/>
        </extension>
        <name value="identifier"/>
        <definition value="https://build.fhir.org/ig/HL7/fhir-directory-query/SearchParameter-EndpointComplete-identifier"/>
        <type value="token"/>
      </searchParam>
      <searchParam>
        <extension url="http://hl7.org/fhir/StructureDefinition/capabilitystatement-expectation">
          <valueCode value="SHALL"/>
        </extension>
        <name value="connection-type"/>
        <definition value="https://build.fhir.org/ig/HL7/fhir-directory-query/SearchParameter-EndpointComplete-connection-type.html"/>
        <type value="token"/>
      </searchParam>
      <searchParam>
        <extension url="http://hl7.org/fhir/StructureDefinition/capabilitystatement-expectation">
          <valueCode value="SHALL"/>
        </extension>
        <name value="mime-type"/>
        <definition value="https://build.fhir.org/ig/HL7/fhir-directory-query/SearchParameter-EndpointComplete-mime-type.html"/>
        <type value="token"/>
      </searchParam>
      <searchParam>
        <extension url="http://hl7.org/fhir/StructureDefinition/capabilitystatement-expectation">
          <valueCode value="SHALL"/>
        </extension>
        <name value="organization"/>
        <definition value="https://build.fhir.org/ig/HL7/fhir-directory-query/SearchParameter-EndpointComplete-organization.html"/>
        <type value="token"/>
      </searchParam>
      <searchParam>
        <extension url="http://hl7.org/fhir/StructureDefinition/capabilitystatement-expectation">
          <valueCode value="SHALL"/>
        </extension>
        <name value="payload-type"/>
        <definition value="https://build.fhir.org/ig/HL7/fhir-directory-query/SearchParameter-EndpointComplete-payload-type.html"/>
        <type value="token"/>
      </searchParam>
      <searchParam>
        <extension url="http://hl7.org/fhir/StructureDefinition/capabilitystatement-expectation">
          <valueCode value="SHALL"/>
        </extension>
        <name value="usecase-standard"/>
        <definition value="https://build.fhir.org/ig/HL7/fhir-directory-query/SearchParameter-EndpointComplete-usecase-standard.html"/>
        <type value="token"/>
      </searchParam>
      <searchParam>
        <extension url="http://hl7.org/fhir/StructureDefinition/capabilitystatement-expectation">
          <valueCode value="SHALL"/>
        </extension>
        <name value="status"/>
        <definition value="https://build.fhir.org/ig/HL7/fhir-directory-query/SearchParameter-EndpointComplete-status.html"/>
        <type value="token"/>
      </searchParam>
      <searchParam>
        <extension url="http://hl7.org/fhir/StructureDefinition/capabilitystatement-expectation">
          <valueCode value="SHALL"/>
        </extension>
        <name value="usecase-type"/>
        <definition value="https://build.fhir.org/ig/HL7/fhir-directory-query/SearchParameter-EndpointComplete-usecase-type.html"/>
        <type value="token"/>
      </searchParam>
    </resource>
    <resource>
      <type value="HealthcareService"/>
      <supportedProfile value="https://build.fhir.org/ig/HL7/fhir-directory-query/StructureDefinition-NatlDirEndpointQry-HealthcareServiceComplete.html">
        <extension url="http://hl7.org/fhir/StructureDefinition/capabilitystatement-expectation">
          <valueCode value="MAY"/>
        </extension>
      </supportedProfile>
      <searchParam>
        <extension url="http://hl7.org/fhir/StructureDefinition/capabilitystatement-expectation">
          <valueCode value="SHALL"/>
        </extension>
        <name value="service-category"/>
        <definition value="https://build.fhir.org/ig/HL7/fhir-directory-query/SearchParameter-HealthcareServiceComplete-service-category"/>
        <type value="token"/>
      </searchParam>
      <searchParam>
        <extension url="http://hl7.org/fhir/StructureDefinition/capabilitystatement-expectation">
          <valueCode value="SHALL"/>
        </extension>
        <name value="coverage-area"/>
        <definition value="https://build.fhir.org/ig/HL7/fhir-directory-query/SearchParameter-HealthcareServiceComplete-coverage-area"/>
        <type value="token"/>
      </searchParam>
      <searchParam>
        <extension url="http://hl7.org/fhir/StructureDefinition/capabilitystatement-expectation">
          <valueCode value="SHALL"/>
        </extension>
        <name value="endpoint"/>
        <definition value="https://build.fhir.org/ig/HL7/fhir-directory-query/SearchParameter-HealthcareServiceComplete-EndpointComplete"/>
        <type value="token"/>
      </searchParam>
      <searchParam>
        <extension url="http://hl7.org/fhir/StructureDefinition/capabilitystatement-expectation">
          <valueCode value="SHALL"/>
        </extension>
        <name value="location"/>
        <definition value="https://build.fhir.org/ig/HL7/fhir-directory-query/SearchParameter-HealthcareServiceComplete-location"/>
        <type value="token"/>
      </searchParam>
      <searchParam>
        <extension url="http://hl7.org/fhir/StructureDefinition/capabilitystatement-expectation">
          <valueCode value="SHALL"/>
        </extension>
        <name value="name"/>
        <definition value="https://build.fhir.org/ig/HL7/fhir-directory-query/SearchParameter-HealthcareServiceComplete-name"/>
        <type value="token"/>
      </searchParam>
      <searchParam>
        <extension url="http://hl7.org/fhir/StructureDefinition/capabilitystatement-expectation">
          <valueCode value="SHALL"/>
        </extension>
        <name value="organization"/>
        <definition value="https://build.fhir.org/ig/HL7/fhir-directory-query/SearchParameter-HealthcareServiceComplete-organization"/>
        <type value="token"/>
      </searchParam>
      <searchParam>
        <extension url="http://hl7.org/fhir/StructureDefinition/capabilitystatement-expectation">
          <valueCode value="SHALL"/>
        </extension>
        <name value="specialty"/>
        <definition value="https://build.fhir.org/ig/HL7/fhir-directory-query/SearchParameter-HealthcareServiceComplete-specialty"/>
        <type value="token"/>
      </searchParam>
      <searchParam>
        <extension url="http://hl7.org/fhir/StructureDefinition/capabilitystatement-expectation">
          <valueCode value="SHALL"/>
        </extension>
        <name value="service-type"/>
        <definition value="https://build.fhir.org/ig/HL7/fhir-directory-query/SearchParameter-HealthcareServiceComplete-service-type"/>
        <type value="token"/>
      </searchParam>
    </resource>
    <resource>
      <type value="InsurancePlan"/>
      <supportedProfile value="https://build.fhir.org/ig/HL7/fhir-directory-query/StructureDefinition-NatlDirEndpointQry-InsurancePlanComplete.html">
        <extension url="http://hl7.org/fhir/StructureDefinition/capabilitystatement-expectation">
          <valueCode value="MAY"/>
        </extension>
      </supportedProfile>
      <searchParam>
        <extension url="http://hl7.org/fhir/StructureDefinition/capabilitystatement-expectation">
          <valueCode value="SHALL"/>
        </extension>
        <name value="coverage-area"/>
        <definition value="https://build.fhir.org/ig/HL7/fhir-directory-query/SearchParameter-InsurancePlanComplete-coverage-area"/>
        <type value="token"/>
      </searchParam>
      <searchParam>
        <extension url="http://hl7.org/fhir/StructureDefinition/capabilitystatement-expectation">
          <valueCode value="SHALL"/>
        </extension>
        <name value="administrated-by"/>
        <definition value="https://build.fhir.org/ig/HL7/fhir-directory-query/SearchParameter-InsurancePlanComplete-administrated-by"/>
        <type value="token"/>
      </searchParam>
      <searchParam>
        <extension url="http://hl7.org/fhir/StructureDefinition/capabilitystatement-expectation">
          <valueCode value="SHALL"/>
        </extension>
        <name value="coverage-benefit-type"/>
        <definition value="https://build.fhir.org/ig/HL7/fhir-directory-query/SearchParameter-InsurancePlanComplete-coverage-benefit-type"/>
        <type value="token"/>
      </searchParam>
      <searchParam>
        <extension url="http://hl7.org/fhir/StructureDefinition/capabilitystatement-expectation">
          <valueCode value="SHALL"/>
        </extension>
        <name value="coverage-network"/>
        <definition value="https://build.fhir.org/ig/HL7/fhir-directory-query/SearchParameter-InsurancePlanComplete-coverage-network"/>
        <type value="token"/>
      </searchParam>
      <searchParam>
        <extension url="http://hl7.org/fhir/StructureDefinition/capabilitystatement-expectation">
          <valueCode value="SHALL"/>
        </extension>
        <name value="identifier"/>
        <definition value="https://build.fhir.org/ig/HL7/fhir-directory-query/SearchParameter-InsurancePlanComplete-identifier"/>
        <type value="token"/>
      </searchParam>
      <searchParam>
        <extension url="http://hl7.org/fhir/StructureDefinition/capabilitystatement-expectation">
          <valueCode value="SHALL"/>
        </extension>
        <name value="type"/>
        <definition value="https://build.fhir.org/ig/HL7/fhir-directory-query/SearchParameter-InsurancePlanComplete-type"/>
        <type value="token"/>
      </searchParam>
      <searchParam>
        <extension url="http://hl7.org/fhir/StructureDefinition/capabilitystatement-expectation">
          <valueCode value="SHALL"/>
        </extension>
        <name value="name"/>
        <definition value="https://build.fhir.org/ig/HL7/fhir-directory-query/SearchParameter-InsurancePlanComplete-name"/>
        <type value="token"/>
      </searchParam>
      <searchParam>
        <extension url="http://hl7.org/fhir/StructureDefinition/capabilitystatement-expectation">
          <valueCode value="SHALL"/>
        </extension>
        <name value="owned-by"/>
        <definition value="https://build.fhir.org/ig/HL7/fhir-directory-query/SearchParameter-InsurancePlanComplete-owned-by"/>
        <type value="token"/>
      </searchParam>
    </resource>
    <resource>
      <type value="Location"/>
      <supportedProfile value="https://build.fhir.org/ig/HL7/fhir-directory-query/StructureDefinition-NatlDirEndpointQry-locationComplete.html">
        <extension url="http://hl7.org/fhir/StructureDefinition/capabilitystatement-expectation">
          <valueCode value="SHALL"/>
        </extension>
      </supportedProfile>
      <searchParam>
        <extension url="http://hl7.org/fhir/StructureDefinition/capabilitystatement-expectation">
          <valueCode value="SHALL"/>
        </extension>
        <name value="address"/>
        <definition value="https://build.fhir.org/ig/HL7/fhir-directory-query/SearchParameter-locationComplete-address"/>
        <type value="token"/>
      </searchParam>
      <searchParam>
        <extension url="http://hl7.org/fhir/StructureDefinition/capabilitystatement-expectation">
          <valueCode value="SHALL"/>
        </extension>
        <name value="endpoint"/>
        <definition value="https://build.fhir.org/ig/HL7/fhir-directory-query/SearchParameter-locationComplete-EndpointComplete"/>
        <type value="token"/>
      </searchParam>
      <searchParam>
        <extension url="http://hl7.org/fhir/StructureDefinition/capabilitystatement-expectation">
          <valueCode value="SHALL"/>
        </extension>
        <name value="organization"/>
        <definition value="https://build.fhir.org/ig/HL7/fhir-directory-query/SearchParameter-locationComplete-organization"/>
        <type value="token"/>
      </searchParam>
      <searchParam>
        <extension url="http://hl7.org/fhir/StructureDefinition/capabilitystatement-expectation">
          <valueCode value="SHALL"/>
        </extension>
        <name value="physicalType"/>
        <definition value="https://build.fhir.org/ig/HL7/fhir-directory-query/SearchParameter-locationComplete-physicalType"/>
        <type value="token"/>
      </searchParam>
      <searchParam>
        <extension url="http://hl7.org/fhir/StructureDefinition/capabilitystatement-expectation">
          <valueCode value="SHALL"/>
        </extension>
        <name value="partOf"/>
        <definition value="https://build.fhir.org/ig/HL7/fhir-directory-query/SearchParameter-locationComplete-partOf"/>
        <type value="token"/>
      </searchParam>
      <searchParam>
        <extension url="http://hl7.org/fhir/StructureDefinition/capabilitystatement-expectation">
          <valueCode value="SHALL"/>
        </extension>
        <name value="type"/>
        <definition value="https://build.fhir.org/ig/HL7/fhir-directory-query/SearchParameter-locationComplete-type"/>
        <type value="token"/>
      </searchParam>
    </resource>
    <resource>
      <type value="Organization"/>
      <supportedProfile value="https://build.fhir.org/ig/HL7/fhir-directory-query/StructureDefinition-NatlDirEndpointQry-organizationComplete.html">
        <extension url="http://hl7.org/fhir/StructureDefinition/capabilitystatement-expectation">
          <valueCode value="MAY"/>
        </extension>
      </supportedProfile>
      <supportedProfile value="https://build.fhir.org/ig/HL7/fhir-directory-query/StructureDefinition-NatlDirEndpointQry-networkComplete.html"/>
      <searchParam>
        <extension url="http://hl7.org/fhir/StructureDefinition/capabilitystatement-expectation">
          <valueCode value="SHALL"/>
        </extension>
        <name value="type"/>
        <definition value="https://build.fhir.org/ig/HL7/fhir-directory-query/SearchParameter-organizationComplete-type"/>
        <type value="token"/>
      </searchParam>
      <searchParam>
        <extension url="http://hl7.org/fhir/StructureDefinition/capabilitystatement-expectation">
          <valueCode value="SHALL"/>
        </extension>
        <name value="address"/>
        <definition value="https://build.fhir.org/ig/HL7/fhir-directory-query/SearchParameter-organizationComplete-address"/>
        <type value="token"/>
      </searchParam>
      <searchParam>
        <extension url="http://hl7.org/fhir/StructureDefinition/capabilitystatement-expectation">
          <valueCode value="SHALL"/>
        </extension>
        <name value="endpoint"/>
        <definition value="https://build.fhir.org/ig/HL7/fhir-directory-query/SearchParameter-organizationComplete-EndpointComplete"/>
        <type value="token"/>
      </searchParam>
      <searchParam>
        <extension url="http://hl7.org/fhir/StructureDefinition/capabilitystatement-expectation">
          <valueCode value="SHALL"/>
        </extension>
        <name value="identifier"/>
        <definition value="https://build.fhir.org/ig/HL7/fhir-directory-query/SearchParameter-organizationComplete-identifier"/>
        <type value="token"/>
      </searchParam>
      <searchParam>
        <extension url="http://hl7.org/fhir/StructureDefinition/capabilitystatement-expectation">
          <valueCode value="SHALL"/>
        </extension>
        <name value="name"/>
        <definition value="https://build.fhir.org/ig/HL7/fhir-directory-query/SearchParameter-organizationComplete-name"/>
        <type value="token"/>
      </searchParam>
      <searchParam>
        <extension url="http://hl7.org/fhir/StructureDefinition/capabilitystatement-expectation">
          <valueCode value="SHALL"/>
        </extension>
        <name value="partOf"/>
        <definition value="https://build.fhir.org/ig/HL7/fhir-directory-query/SearchParameter-organizationComplete-partOf"/>
        <type value="token"/>
      </searchParam>
      <searchParam>
        <extension url="http://hl7.org/fhir/StructureDefinition/capabilitystatement-expectation">
          <valueCode value="SHALL"/>
        </extension>
        <name value="coverage-area"/>
        <definition value="https://build.fhir.org/ig/HL7/fhir-directory-query/SearchParameter-location-coverage-area"/>
        <type value="token"/>
      </searchParam>
      <searchParam>
        <extension url="http://hl7.org/fhir/StructureDefinition/capabilitystatement-expectation">
          <valueCode value="SHALL"/>
        </extension>
        <name value="NetworkName"/>
        <definition value="https://build.fhir.org/ig/HL7/fhir-directory-query/SearchParameter-networkComplete-name"/>
        <type value="token"/>
      </searchParam>
    </resource>
    <resource>
      <type value="OrganizationAffiliation"/>
      <supportedProfile value="https://build.fhir.org/ig/HL7/fhir-directory-query/StructureDefinition-NatlDirEndpointQry-organizationAffiliationComplete.html">
        <extension url="http://hl7.org/fhir/StructureDefinition/capabilitystatement-expectation">
          <valueCode value="MAY"/>
        </extension>
      </supportedProfile>
      <searchParam>
        <extension url="http://hl7.org/fhir/StructureDefinition/capabilitystatement-expectation">
          <valueCode value="SHALL"/>
        </extension>
        <name value="endpoint"/>
        <definition value="https://build.fhir.org/ig/HL7/fhir-directory-query/SearchParameter-organizationAffiliationComplete-EndpointComplete"/>
        <type value="token"/>
      </searchParam>
      <searchParam>
        <extension url="http://hl7.org/fhir/StructureDefinition/capabilitystatement-expectation">
          <valueCode value="SHALL"/>
        </extension>
        <name value="location"/>
        <definition value="https://build.fhir.org/ig/HL7/fhir-directory-query/SearchParameter-organizationAffiliationComplete-location"/>
        <type value="token"/>
      </searchParam>
      <searchParam>
        <extension url="http://hl7.org/fhir/StructureDefinition/capabilitystatement-expectation">
          <valueCode value="SHALL"/>
        </extension>
        <name value="network"/>
        <definition value="https://build.fhir.org/ig/HL7/fhir-directory-query/SearchParameter-organizationAffiliationComplete-network"/>
        <type value="token"/>
      </searchParam>
      <searchParam>
        <extension url="http://hl7.org/fhir/StructureDefinition/capabilitystatement-expectation">
          <valueCode value="SHALL"/>
        </extension>
        <name value="participating-organization"/>
        <definition value="https://build.fhir.org/ig/HL7/fhir-directory-query/SearchParameter-organizationAffiliationComplete-participating-organization"/>
        <type value="token"/>
      </searchParam>
      <searchParam>
        <extension url="http://hl7.org/fhir/StructureDefinition/capabilitystatement-expectation">
          <valueCode value="SHALL"/>
        </extension>
        <name value="primary-organization"/>
        <definition value="https://build.fhir.org/ig/HL7/fhir-directory-query/SearchParameter-organizationAffiliationComplete-primary-organization"/>
        <type value="token"/>
      </searchParam>
      <searchParam>
        <extension url="http://hl7.org/fhir/StructureDefinition/capabilitystatement-expectation">
          <valueCode value="SHALL"/>
        </extension>
        <name value="role"/>
        <definition value="https://build.fhir.org/ig/HL7/fhir-directory-query/SearchParameter-organizationAffiliationComplete-role"/>
        <type value="token"/>
      </searchParam>
      <searchParam>
        <extension url="http://hl7.org/fhir/StructureDefinition/capabilitystatement-expectation">
          <valueCode value="SHALL"/>
        </extension>
        <name value="service"/>
        <definition value="https://build.fhir.org/ig/HL7/fhir-directory-query/SearchParameter-organizationAffiliationComplete-service"/>
        <type value="token"/>
      </searchParam>
      <searchParam>
        <extension url="http://hl7.org/fhir/StructureDefinition/capabilitystatement-expectation">
          <valueCode value="SHALL"/>
        </extension>
        <name value="specialty"/>
        <definition value="https://build.fhir.org/ig/HL7/fhir-directory-query/SearchParameter-organizationAffiliationComplete-specialty"/>
        <type value="token"/>
      </searchParam>
    </resource>
    <resource>
      <type value="Practitioner"/>
      <supportedProfile value="https://build.fhir.org/ig/HL7/fhir-directory-query/StructureDefinition-NatlDirEndpointQry-PractitionerComplete.html">
        <extension url="http://hl7.org/fhir/StructureDefinition/capabilitystatement-expectation">
          <valueCode value="SHALL"/>
        </extension>
      </supportedProfile>
      <searchParam>
        <extension url="http://hl7.org/fhir/StructureDefinition/capabilitystatement-expectation">
          <valueCode value="SHALL"/>
        </extension>
        <name value="name"/>
        <definition value="https://build.fhir.org/ig/HL7/fhir-directory-query/SearchParameter-PractitionerComplete-name"/>
        <type value="token"/>
      </searchParam>
      <searchParam>
        <extension url="http://hl7.org/fhir/StructureDefinition/capabilitystatement-expectation">
          <valueCode value="SHALL"/>
        </extension>
        <name value="family"/>
        <definition value="https://build.fhir.org/ig/HL7/fhir-directory-query/SearchParameter-PractitionerComplete-family"/>
        <type value="token"/>
      </searchParam>
      <searchParam>
        <extension url="http://hl7.org/fhir/StructureDefinition/capabilitystatement-expectation">
          <valueCode value="SHALL"/>
        </extension>
        <name value="given"/>
        <definition value="https://build.fhir.org/ig/HL7/fhir-directory-query/SearchParameter-PractitionerComplete-given"/>
        <type value="token"/>
      </searchParam>
      <searchParam>
        <extension url="http://hl7.org/fhir/StructureDefinition/capabilitystatement-expectation">
          <valueCode value="SHALL"/>
        </extension>
        <name value="identifier"/>
        <definition value="https://build.fhir.org/ig/HL7/fhir-directory-query/SearchParameter-PractitionerComplete-identifier"/>
        <type value="token"/>
      </searchParam>
      <searchParam>
        <extension url="http://hl7.org/fhir/StructureDefinition/capabilitystatement-expectation">
          <valueCode value="SHALL"/>
        </extension>
        <name value="identifier-assigner"/>
        <definition value="https://build.fhir.org/ig/HL7/fhir-directory-query/SearchParameter-PractitionerComplete-identifier-assigner"/>
        <type value="token"/>
      </searchParam>
      <searchParam>
        <extension url="http://hl7.org/fhir/StructureDefinition/capabilitystatement-expectation">
          <valueCode value="SHALL"/>
        </extension>
        <name value="qualification-code"/>
        <definition value="https://build.fhir.org/ig/HL7/fhir-directory-query/SearchParameter-PractitionerComplete-qualification-code"/>
        <type value="token"/>
      </searchParam>
      <searchParam>
        <extension url="http://hl7.org/fhir/StructureDefinition/capabilitystatement-expectation">
          <valueCode value="SHALL"/>
        </extension>
        <name value="qualification-issuer"/>
        <definition value="https://build.fhir.org/ig/HL7/fhir-directory-query/SearchParameter-PractitionerComplete-qualification-issuer"/>
        <type value="token"/>
      </searchParam>
    </resource>
    <resource>
      <type value="PractitionerRole"/>
      <supportedProfile value="https://build.fhir.org/ig/HL7/fhir-directory-query/StructureDefinition-NatlDirEndpointQry-PractitionerRoleComplete.html">
        <extension url="http://hl7.org/fhir/StructureDefinition/capabilitystatement-expectation">
          <valueCode value="SHALL"/>
        </extension>
      </supportedProfile>
      <searchParam>
        <extension url="http://hl7.org/fhir/StructureDefinition/capabilitystatement-expectation">
          <valueCode value="SHALL"/>
        </extension>
        <name value="endpoint"/>
        <definition value="https://build.fhir.org/ig/HL7/fhir-directory-query/SearchParameter-PractitionerRoleComplete-Endpoint"/>
        <type value="token"/>
      </searchParam>
      <searchParam>
        <extension url="http://hl7.org/fhir/StructureDefinition/capabilitystatement-expectation">
          <valueCode value="SHALL"/>
        </extension>
        <name value="location"/>
        <definition value="https://build.fhir.org/ig/HL7/fhir-directory-query/SearchParameter-PractitionerRoleComplete-location"/>
        <type value="token"/>
      </searchParam>
      <searchParam>
        <extension url="http://hl7.org/fhir/StructureDefinition/capabilitystatement-expectation">
          <valueCode value="SHALL"/>
        </extension>
        <name value="network"/>
        <definition value="https://build.fhir.org/ig/HL7/fhir-directory-query/SearchParameter-PractitionerRoleComplete-network"/>
        <type value="token"/>
      </searchParam>
      <searchParam>
        <extension url="http://hl7.org/fhir/StructureDefinition/capabilitystatement-expectation">
          <valueCode value="SHALL"/>
        </extension>
        <name value="organization"/>
        <definition value="https://build.fhir.org/ig/HL7/fhir-directory-query/SearchParameter-PractitionerRoleComplete-organization"/>
        <type value="token"/>
      </searchParam>
      <searchParam>
        <extension url="http://hl7.org/fhir/StructureDefinition/capabilitystatement-expectation">
          <valueCode value="SHALL"/>
        </extension>
        <name value="Practicioner"/>
        <definition value="https://build.fhir.org/ig/HL7/fhir-directory-query/SearchParameter-PractitionerRoleComplete-Practicioner"/>
        <type value="token"/>
      </searchParam>
      <searchParam>
        <extension url="http://hl7.org/fhir/StructureDefinition/capabilitystatement-expectation">
          <valueCode value="SHALL"/>
        </extension>
        <name value="role"/>
        <definition value="https://build.fhir.org/ig/HL7/fhir-directory-query/SearchParameter-PractitionerRoleComplete-role"/>
        <type value="token"/>
      </searchParam>
      <searchParam>
        <extension url="http://hl7.org/fhir/StructureDefinition/capabilitystatement-expectation">
          <valueCode value="SHALL"/>
        </extension>
        <name value="service"/>
        <definition value="https://build.fhir.org/ig/HL7/fhir-directory-query/SearchParameter-PractitionerRoleComplete-service"/>
        <type value="token"/>
      </searchParam>
      <searchParam>
        <extension url="http://hl7.org/fhir/StructureDefinition/capabilitystatement-expectation">
          <valueCode value="SHALL"/>
        </extension>
        <name value="specialty"/>
        <definition value="https://build.fhir.org/ig/HL7/fhir-directory-query/SearchParameter-PractitionerRoleComplete-specialty"/>
        <type value="token"/>
      </searchParam>
    </resource>
    <resource>
      <type value="Consent"/>
      <supportedProfile value="https://build.fhir.org/ig/HL7/fhir-directory-query/StructureDefinition-NatlDirEndpointQry-Restriction.html">
        <extension url="http://hl7.org/fhir/StructureDefinition/capabilitystatement-expectation">
          <valueCode value="MAY"/>
        </extension>
      </supportedProfile>
      <searchParam>
        <extension url="http://hl7.org/fhir/StructureDefinition/capabilitystatement-expectation">
          <valueCode value="SHALL"/>
        </extension>
        <name value="_id"/>
        <definition value="https://build.fhir.org/ig/HL7/fhir-directory-query/SearchParameter-Restriction-identifier"/>
        <type value="token"/>
      </searchParam>
      <searchParam>
        <extension url="http://hl7.org/fhir/StructureDefinition/capabilitystatement-expectation">
          <valueCode value="SHALL"/>
        </extension>
        <name value="_lastUpdated"/>
        <definition value="https://build.fhir.org/ig/HL7/fhir-directory-query/SearchParameter-Restriction-lastUpdated"/>
        <type value="token"/>
      </searchParam>
      <searchParam>
        <extension url="http://hl7.org/fhir/StructureDefinition/capabilitystatement-expectation">
          <valueCode value="SHALL"/>
        </extension>
        <name value="plan-type"/>
        <definition value="https://build.fhir.org/ig/HL7/fhir-directory-query/SearchParameter-Restriction-plan-type"/>
        <type value="token"/>
      </searchParam>
      <searchParam>
        <extension url="http://hl7.org/fhir/StructureDefinition/capabilitystatement-expectation">
          <valueCode value="SHALL"/>
        </extension>
        <name value="name"/>
        <definition value="https://build.fhir.org/ig/HL7/fhir-directory-query/SearchParameter-Restriction-name"/>
        <type value="token"/>
      </searchParam>
      <searchParam>
        <extension url="http://hl7.org/fhir/StructureDefinition/capabilitystatement-expectation">
          <valueCode value="SHALL"/>
        </extension>
        <name value="coverage-area"/>
        <definition value="https://build.fhir.org/ig/HL7/fhir-directory-query/SearchParameter-Restriction-coverage-area"/>
        <type value="token"/>
      </searchParam>
      <searchParam>
        <extension url="http://hl7.org/fhir/StructureDefinition/capabilitystatement-expectation">
          <valueCode value="SHALL"/>
        </extension>
        <name value="owned=by"/>
        <definition value="https://build.fhir.org/ig/HL7/fhir-directory-query/SearchParameter-Restriction-owned-by"/>
        <type value="token"/>
      </searchParam>
      <searchParam>
        <extension url="http://hl7.org/fhir/StructureDefinition/capabilitystatement-expectation">
          <valueCode value="SHALL"/>
        </extension>
        <name value="administrated-by"/>
        <definition value="https://build.fhir.org/ig/HL7/fhir-directory-query/SearchParameter-Restriction-administrated-by"/>
        <type value="token"/>
      </searchParam>
    </resource>
    <resource>
      <type value="VerificationResult"/>
      <supportedProfile value="https://build.fhir.org/ig/HL7/fhir-directory-query/StructureDefinition-NatlDirEndpointQry-ValidationComplete.html">
        <extension url="http://hl7.org/fhir/StructureDefinition/capabilitystatement-expectation">
          <valueCode value="MAY"/>
        </extension>
      </supportedProfile>
      <searchParam>
        <extension url="http://hl7.org/fhir/StructureDefinition/capabilitystatement-expectation">
          <valueCode value="SHALL"/>
        </extension>
        <name value="attestation-who"/>
        <definition value="https://build.fhir.org/ig/HL7/fhir-directory-query/SearchParameter-ValidationComplete-attestation-who"/>
        <type value="token"/>
      </searchParam>
      <searchParam>
        <extension url="http://hl7.org/fhir/StructureDefinition/capabilitystatement-expectation">
          <valueCode value="SHALL"/>
        </extension>
        <name value="primarysource-who"/>
        <definition value="https://build.fhir.org/ig/HL7/fhir-directory-query/SearchParameter-ValidationComplete-primarysource-who"/>
        <type value="token"/>
      </searchParam>
      <searchParam>
        <extension url="http://hl7.org/fhir/StructureDefinition/capabilitystatement-expectation">
          <valueCode value="SHALL"/>
        </extension>
        <name value="target"/>
        <definition value="https://build.fhir.org/ig/HL7/fhir-directory-query/SearchParameter-ValidationComplete-target"/>
        <type value="token"/>
      </searchParam>
    </resource>
    <resource>
      <type value="CareTeam"/>
      <supportedProfile value="https://build.fhir.org/ig/HL7/fhir-directory-query/StructureDefinition-NatlDirEndpointQry-CareTeamComplete.html">
        <extension url="http://hl7.org/fhir/StructureDefinition/capabilitystatement-expectation">
          <valueCode value="MAY"/>
        </extension>
      </supportedProfile>
      <searchParam>
        <extension url="http://hl7.org/fhir/StructureDefinition/capabilitystatement-expectation">
          <valueCode value="SHALL"/>
        </extension>
        <name value="endpoint"/>
        <definition value="https://build.fhir.org/ig/HL7/fhir-directory-query/SearchParameter-CareTeamComplete-Endpoint"/>
        <type value="token"/>
      </searchParam>
      <searchParam>
        <extension url="http://hl7.org/fhir/StructureDefinition/capabilitystatement-expectation">
          <valueCode value="SHALL"/>
        </extension>
        <name value="location"/>
        <definition value="https://build.fhir.org/ig/HL7/fhir-directory-query/SearchParameter-CareTeamComplete-location"/>
        <type value="token"/>
      </searchParam>
      <searchParam>
        <extension url="http://hl7.org/fhir/StructureDefinition/capabilitystatement-expectation">
          <valueCode value="SHALL"/>
        </extension>
        <name value="name"/>
        <definition value="https://build.fhir.org/ig/HL7/fhir-directory-query/SearchParameter-CareTeamComplete-name"/>
        <type value="token"/>
      </searchParam>
      <searchParam>
        <extension url="http://hl7.org/fhir/StructureDefinition/capabilitystatement-expectation">
          <valueCode value="SHALL"/>
        </extension>
        <name value="organization"/>
        <definition value="https://build.fhir.org/ig/HL7/fhir-directory-query/SearchParameter-CareTeamComplete-organization"/>
        <type value="token"/>
      </searchParam>
      <searchParam>
        <extension url="http://hl7.org/fhir/StructureDefinition/capabilitystatement-expectation">
          <valueCode value="SHALL"/>
        </extension>
        <name value="service"/>
        <definition value="https://build.fhir.org/ig/HL7/fhir-directory-query/SearchParameter-CareTeamComplete-service"/>
        <type value="token"/>
      </searchParam>
      <searchParam>
        <extension url="http://hl7.org/fhir/StructureDefinition/capabilitystatement-expectation">
          <valueCode value="SHALL"/>
        </extension>
        <name value="category"/>
        <definition value="https://build.fhir.org/ig/HL7/fhir-directory-query/SearchParameter-CareTeamComplete-category"/>
        <type value="token"/>
      </searchParam>
    </resource>
  </rest>
</CapabilityStatement>