<?xml version="1.0" encoding="UTF-8"?>

<CodeSystem xmlns="http://hl7.org/fhir">
  <id value="AcceptingPatientsCS"/>
  <text>
    <status value="generated"/><div xmlns="http://www.w3.org/1999/xhtml"><p>This code system http://hl7.org/fhir/us/fhir-directory-query/CodeSystem/AcceptingPatientsCS defines the following codes:</p><table class="codes"><tr><td style="white-space:nowrap"><b>Code</b></td><td><b>Display</b></td><td><b>Definition</b></td></tr><tr><td style="white-space:nowrap">nopt<a name="AcceptingPatientsCS-nopt"> </a></td><td>Not Accepting</td><td>Not accepting patients</td></tr><tr><td style="white-space:nowrap">newpt<a name="AcceptingPatientsCS-newpt"> </a></td><td>Accepting</td><td>Accepting patients</td></tr><tr><td style="white-space:nowrap">existptonly<a name="AcceptingPatientsCS-existptonly"> </a></td><td>Accepting existing patients</td><td>Accepting existing patients</td></tr><tr><td style="white-space:nowrap">existptfam<a name="AcceptingPatientsCS-existptfam"> </a></td><td>Accepting existing patients and their families</td><td>Accepting existing patients and members of their families</td></tr></table></div>
  </text>
  <url value="http://hl7.org/fhir/us/fhir-directory-query/CodeSystem/AcceptingPatientsCS"/>
  <version value="1.0.0-ballot1"/>
  <name value="AcceptingPatientsCS"/>
  <title value="Accepting Patients Codes"/>
  <status value="active"/>
  <date value="2022-07-25T09:59:20-04:00"/>
  <publisher value="HL7 Patient Administration Working Group"/>
  <contact>
    <name value="HL7 Patient Administration Working Group"/>
    <telecom>
      <system value="url"/>
      <value value="https://www.hl7.org/Special/committees/pafm/index.cfm"/>
    </telecom>
    <telecom>
      <system value="email"/>
      <value value="pafm@lists.HL7.org"/>
    </telecom>
  </contact>
  <description value="Codes to identify if the practice is accepting new patients"/>
  <jurisdiction>
    <coding>
      <system value="urn:iso:std:iso:3166"/>
      <code value="US"/>
    </coding>
  </jurisdiction>
  <caseSensitive value="true"/>
  <content value="complete"/>
  <count value="4"/>
  <concept>
    <code value="nopt"/>
    <display value="Not Accepting"/>
    <definition value="Not accepting patients"/>
  </concept>
  <concept>
    <code value="newpt"/>
    <display value="Accepting"/>
    <definition value="Accepting patients"/>
  </concept>
  <concept>
    <code value="existptonly"/>
    <display value="Accepting existing patients"/>
    <definition value="Accepting existing patients"/>
  </concept>
  <concept>
    <code value="existptfam"/>
    <display value="Accepting existing patients and their families"/>
    <definition value="Accepting existing patients and members of their families"/>
  </concept>
</CodeSystem>