{
  "resourceType": "CodeSystem",
  "id": "EndpointConnectionTypeCS",
  "text": {
    "status": "generated",
    "div": "<div xmlns=\"http://www.w3.org/1999/xhtml\"><p>This code system http://hl7.org/fhir/us/fhir-directory-query/CodeSystem/EndpointConnectionTypeCS defines the following codes:</p><table class=\"codes\"><tr><td style=\"white-space:nowrap\"><b>Code</b></td><td><b>Display</b></td><td><b>Definition</b></td></tr><tr><td style=\"white-space:nowrap\">hl7-fhir-opn<a name=\"EndpointConnectionTypeCS-hl7-fhir-opn\"> </a></td><td>HL7 FHIR Operation</td><td>Interact with a FHIR server interface using FHIR's RESTful interface using an operation other than messaging. For details on its version/capabilities you should connect the value in Endpoint.address and retrieve the FHIR CapabilityStatement.</td></tr><tr><td style=\"white-space:nowrap\">rest-non-fhir<a name=\"EndpointConnectionTypeCS-rest-non-fhir\"> </a></td><td>REST (not FHIR)</td><td>Interact with a server using HTTP/REST but not FHIR.  Should be used for web portals.</td></tr></table></div>"
  },
  "url": "http://hl7.org/fhir/us/fhir-directory-query/CodeSystem/EndpointConnectionTypeCS",
  "version": "0.0.1",
  "name": "EndpointConnectionTypeCS",
  "title": "Endpoint Connection Types (additional)",
  "status": "active",
  "date": "2022-03-09T14:32:46-05:00",
  "publisher": "HL7 Patient Administration Working Group",
  "contact": [
    {
      "name": "HL7 Patient Administration Working Group",
      "telecom": [
        {
          "system": "url",
          "value": "https://www.hl7.org/Special/committees/pafm/index.cfm"
        },
        {
          "system": "email",
          "value": "pafm@lists.HL7.org"
        }
      ]
    }
  ],
  "description": "Extension codes for http://terminology.hl7.org/CodeSystem/endpoint-connection-type",
  "jurisdiction": [
    {
      "coding": [
        {
          "system": "urn:iso:std:iso:3166",
          "code": "US"
        }
      ]
    }
  ],
  "content": "complete",
  "count": 2,
  "concept": [
    {
      "code": "hl7-fhir-opn",
      "display": "HL7 FHIR Operation",
      "definition": "Interact with a FHIR server interface using FHIR's RESTful interface using an operation other than messaging. For details on its version/capabilities you should connect the value in Endpoint.address and retrieve the FHIR CapabilityStatement."
    },
    {
      "code": "rest-non-fhir",
      "display": "REST (not FHIR)",
      "definition": "Interact with a server using HTTP/REST but not FHIR.  Should be used for web portals."
    }
  ]
}