{
  "resourceType": "OrganizationAffiliation",
  "id": "ConnHIEAffil",
  "meta": {
    "lastUpdated": "2020-07-07T13:26:22.0314215+00:00",
    "profile": [
      "http://hl7.org/fhir/us/fhir-directory-exchange/StructureDefinition/NatlDir-OrganizationAffiliation"
    ]
  },
  "language": "en-US",
  "text": {
    "status": "generated",
    "div": "<div xmlns=\"http://www.w3.org/1999/xhtml\" xml:lang=\"en-US\" lang=\"en-US\"><p><b>Generated Narrative</b></p><div style=\"display: inline-block; background-color: #d9e0e7; padding: 6px; margin: 4px; border: 1px solid #8da1b4; border-radius: 5px; line-height: 60%\"><p style=\"margin-bottom: 0px\">Resource \"ConnHIEAffil\" Updated \"2020-07-07T09:26:22.031-04:00\"  (Language \"en-US\") </p><p style=\"margin-bottom: 0px\">Profile: <a href=\"https://build.fhir.org/ig/HL7/fhir-directory-exchange//StructureDefinition-NatlDir-OrganizationAffiliation.html\">National Directory Exchange OrganizationAffiliation</a></p></div><p><b>active</b>: true</p><p><b>organization</b>: <a href=\"Organization-ConnHIE.html\">Organization/ConnHIE</a> \"Connecticut HIE\"</p><p><b>participatingOrganization</b>: <a href=\"Organization-BurrClinic.html\">Organization/BurrClinic</a> \"Burr Clinic\"</p><p><b>code</b>: Member Of <span style=\"background: LightGoldenRodYellow; margin: 4px; border: 1px solid khaki\"> (<a href=\"CodeSystem-OrganizationAffiliationRoleCS.html\">Organization Affiliation Role</a>#bt)</span></p></div>"
  },
  "active": true,
  "organization": {
    "reference": "Organization/ConnHIE"
  },
  "participatingOrganization": {
    "reference": "Organization/BurrClinic"
  },
  "code": [
    {
      "coding": [
        {
          "system": "http://hl7.org/fhir/us/fhir-directory-query/CodeSystem/OrganizationAffiliationRoleCS",
          "code": "bt"
        }
      ]
    }
  ]
}