"Path","Slice Name","Alias(s)","Label","Min","Max","Must Support?","Is Modifier?","Is Summary?","Type(s)","Short","Definition","Comments","Requirements","Default Value","Meaning When Missing","Fixed Value","Pattern","Example","Minimum Value","Maximum Value","Maximum Length","Binding Strength","Binding Description","Binding Value Set","Code","Slicing Discriminator","Slicing Description","Slicing Ordered","Slicing Rules","Base Path","Base Min","Base Max","Condition(s)","Constraint(s)","Mapping: FiveWs Pattern Mapping","Mapping: RIM Mapping"
"VerificationResult","","","",0,*,"","","","","Verification","Describes Verification requirements, source(s), status and dates for one or more elements","","","","","","","","","",,,,,"",,,,"VerificationResult",0,*,"","dom-2:If the resource is contained in another resource, it SHALL NOT contain nested Resources {contained.contained.empty()}
dom-3:If the resource is contained in another resource, it SHALL be referred to from elsewhere in the resource or SHALL refer to the containing resource {contained.where((('#'+id in (%resource.descendants().reference | %resource.descendants().as(canonical) | %resource.descendants().as(uri) | %resource.descendants().as(url))) or descendants().where(reference = '#').exists() or descendants().where(as(canonical) = '#').exists() or descendants().where(as(canonical) = '#').exists()).not()).trace('unmatched', id).empty()}dom-4:If a resource is contained in another resource, it SHALL NOT have a meta.versionId or a meta.lastUpdated {contained.meta.versionId.empty() and contained.meta.lastUpdated.empty()}dom-5:If a resource is contained in another resource, it SHALL NOT have a security label {contained.meta.security.empty()}dom-6:A resource should have narrative for robust management {text.`div`.exists()}","Entity. Role, or Act"
"VerificationResult.id","","","",0,1,"","","Y","string {[]} {[]}
","Logical id of this artifact","The logical id of the resource, as used in the URL for the resource. Once assigned, this value never changes.","The only time that a resource does not have an id is when it is being submitted to the server using a create operation.","","","","","","","","",,,,,"",,,,"Resource.id",0,1,"",""
"VerificationResult.meta","","","",0,1,"","","Y","Meta {[]} {[]}
","Metadata about the resource","The metadata about the resource. This is content that is maintained by the infrastructure. Changes to the content might not always be associated with version changes to the resource.","","","","","","","","","",,,,,"",,,,"Resource.meta",0,1,"","ele-1:All FHIR elements must have a @value or children {hasValue() or (children().count() > id.count())}
"
"VerificationResult.implicitRules","","","",0,1,"","Y","Y","uri {[]} {[]}
","A set of rules under which this content was created","A reference to a set of rules that were followed when the resource was constructed, and which must be understood when processing the content. Often, this is a reference to an implementation guide that defines the special rules along with other profiles etc.","Asserting this rule set restricts the content to be only understood by a limited set of trading partners. This inherently limits the usefulness of the data in the long term. However, the existing health eco-system is highly fractured, and not yet ready to define, collect, and exchange data in a generally computable sense. Wherever possible, implementers and/or specification writers should avoid using this element. Often, when used, the URL is a reference to an implementation guide that defines these special rules as part of it's narrative along with other profiles, value sets, etc.","","","","","","","","",,,,,"",,,,"Resource.implicitRules",0,1,"","ele-1:All FHIR elements must have a @value or children {hasValue() or (children().count() > id.count())}
"
"VerificationResult.language","","","",0,1,"","","","code {[]} {[]}
","Language of the resource content","The base language in which the resource is written.","Language is provided to support indexing and accessibility (typically, services such as text to speech use the language tag). The html language tag in the narrative applies  to the narrative. The language tag on the resource may be used to specify the language of other presentations generated from the data in the resource. Not all the content has to be in the base language. The Resource.language should not be assumed to apply to the narrative automatically. If a language is specified, it should it also be specified on the div element in the html (see rules in HTML5 for information about the relationship between xml:lang and the html lang attribute).","","","","","","","","",,"preferred","A human language.","http://hl7.org/fhir/ValueSet/languages","",,,,"Resource.language",0,1,"","ele-1:All FHIR elements must have a @value or children {hasValue() or (children().count() > id.count())}
"
"VerificationResult.text","","narrative
htmlxhtmldisplay","",0,1,"","","","Narrative {[]} {[]}
","Text summary of the resource, for human interpretation","A human-readable narrative that contains a summary of the resource and can be used to represent the content of the resource to a human. The narrative need not encode all the structured data, but is required to contain sufficient detail to make it ""clinically safe"" for a human to just read the narrative. Resource definitions may define what content should be represented in the narrative to ensure clinical safety.","Contained resources do not have narrative. Resources that are not contained SHOULD have a narrative. In some cases, a resource may only have text with little or no additional discrete data (as long as all minOccurs=1 elements are satisfied).  This may be necessary for data from legacy systems where information is captured as a ""text blob"" or where text is additionally entered raw or narrated and encoded information is added later.","","","","","","","","",,,,,"",,,,"DomainResource.text",0,1,"","ele-1:All FHIR elements must have a @value or children {hasValue() or (children().count() > id.count())}
","Act.text?"
"VerificationResult.contained","","inline resources
anonymous resourcescontained resources","",0,*,"","","","Resource {[]} {[]}
","Contained, inline Resources","These resources do not have an independent existence apart from the resource that contains them - they cannot be identified independently, and nor can they have their own independent transaction scope.","This should never be done when the content can be identified properly, as once identification is lost, it is extremely difficult (and context dependent) to restore it again. Contained resources may have profiles and tags In their meta elements, but SHALL NOT have security labels.","","","","","","","","",,,,,"",,,,"DomainResource.contained",0,*,"","","N/A"
"VerificationResult.extension","","extensions
user content","",0,*,"","","","Extension {[]} {[]}
","Additional content defined by implementations","May be used to represent additional information that is not part of the basic definition of the resource. To make the use of extensions safe and manageable, there is a strict set of governance  applied to the definition and use of extensions. Though any implementer can define an extension, there is a set of requirements that SHALL be met as part of the definition of the extension.","There can be no stigma associated with the use of extensions by any application, project, or standard - regardless of the institution or jurisdiction that uses or defines the extensions.  The use of extensions is what allows the FHIR specification to retain a core level of simplicity for everyone.","","","","","","","","",,,,,"",,,,"DomainResource.extension",0,*,"","ele-1:All FHIR elements must have a @value or children {hasValue() or (children().count() > id.count())}
ext-1:Must have either extensions or value[x], not both {extension.exists() != value.exists()}","N/A"
"VerificationResult.modifierExtension","","extensions
user content","",0,*,"","Y","","Extension {[]} {[]}
","Extensions that cannot be ignored","May be used to represent additional information that is not part of the basic definition of the resource and that modifies the understanding of the element that contains it and/or the understanding of the containing element's descendants. Usually modifier elements provide negation or qualification. To make the use of extensions safe and manageable, there is a strict set of governance applied to the definition and use of extensions. Though any implementer is allowed to define an extension, there is a set of requirements that SHALL be met as part of the definition of the extension. Applications processing a resource are required to check for modifier extensions.

Modifier extensions SHALL NOT change the meaning of any elements on Resource or DomainResource (including cannot change the meaning of modifierExtension itself).","There can be no stigma associated with the use of extensions by any application, project, or standard - regardless of the institution or jurisdiction that uses or defines the extensions.  The use of extensions is what allows the FHIR specification to retain a core level of simplicity for everyone.","Modifier extensions allow for extensions that *cannot* be safely ignored to be clearly distinguished from the vast majority of extensions which can be safely ignored.  This promotes interoperability by eliminating the need for implementers to prohibit the presence of extensions. For further information, see the [definition of modifier extensions](http://hl7.org/fhir/R4/extensibility.html#modifierExtension).","","","","","","","",,,,,"",,,,"DomainResource.modifierExtension",0,*,"","ele-1:All FHIR elements must have a @value or children {hasValue() or (children().count() > id.count())}
ext-1:Must have either extensions or value[x], not both {extension.exists() != value.exists()}","N/A"
"VerificationResult.target","","","",1,*,"Y","","Y","Reference {[]} {[CanonicalType[http://hl7.org/fhir/StructureDefinition/Resource]]}
","A resource that was validated","A resource that was validated.","","","","","","","","","",,,,,"",,,,"VerificationResult.target",0,*,"","ele-1:All FHIR elements must have a @value or children {hasValue() or (children().count() > id.count())}
"
"VerificationResult.targetLocation","","","",0,*,"Y","","Y","string {[]} {[]}
","The fhirpath location(s) within the resource that was validated","The fhirpath location(s) within the resource that was validated.","","","","","","","","","",,,,,"",,,,"VerificationResult.targetLocation",0,*,"","ele-1:All FHIR elements must have a @value or children {hasValue() or (children().count() > id.count())}
"
"VerificationResult.need","","","",1,1,"Y","","Y","CodeableConcept {[]} {[]}
","none | initial | periodic","The frequency with which the target must be validated (none; initial; periodic).","","","","","","","","","",,"preferred","The frequency with which the target must be validated.","http://hl7.org/fhir/ValueSet/verificationresult-need","",,,,"VerificationResult.need",0,1,"","ele-1:All FHIR elements must have a @value or children {hasValue() or (children().count() > id.count())}
"
"VerificationResult.status","","","",1,1,"Y","","Y","code {[]} {[]}
","attested | validated | in-process | req-revalid | val-fail | reval-fail","The validation status of the target (attested; validated; in process; requires revalidation; validation failed; revalidation failed).","","","","","","","","","",,"required","The validation status of the target.","http://hl7.org/fhir/ValueSet/verificationresult-status|4.0.1","",,,,"VerificationResult.status",1,1,"","ele-1:All FHIR elements must have a @value or children {hasValue() or (children().count() > id.count())}
"
"VerificationResult.statusDate","","","",1,1,"Y","","Y","dateTime {[]} {[]}
","When the validation status was updated","When the validation status was updated.","","","","","","","","","",,,,,"",,,,"VerificationResult.statusDate",0,1,"","ele-1:All FHIR elements must have a @value or children {hasValue() or (children().count() > id.count())}
"
"VerificationResult.validationType","","","",1,1,"Y","","Y","CodeableConcept {[]} {[]}
","nothing|single|multiple","What the target is validated against (nothing|single source|multiple sources)","","","","","","","","","",,"required","","http://hl7.org/fhir/ValueSet/verificationresult-validation-type","",,,,"VerificationResult.validationType",0,1,"","ele-1:All FHIR elements must have a @value or children {hasValue() or (children().count() > id.count())}
"
"VerificationResult.validationProcess","","","",1,*,"Y","","Y","CodeableConcept {[]} {[]}
","The process(es) by which the target is validated","The process(es) by which the target is validated","","","","","","","","","",,"example","","http://hl7.org/fhir/uv/vhdir/ValueSet/validationprocess","",,,,"VerificationResult.validationProcess",0,*,"","ele-1:All FHIR elements must have a @value or children {hasValue() or (children().count() > id.count())}
"
"VerificationResult.frequency","","","",0,1,"Y","","","Timing {[]} {[]}
","Frequency of revalidation","Frequency of revalidation.","","","","","","","","","",,,,,"",,,,"VerificationResult.frequency",0,1,"","ele-1:All FHIR elements must have a @value or children {hasValue() or (children().count() > id.count())}
"
"VerificationResult.lastPerformed","","","",0,1,"Y","","","dateTime {[]} {[]}
","The date/time validation was last completed (including failed validations)","The date/time validation was last completed (including failed validations).","","","","","","","","","",,,,,"",,,,"VerificationResult.lastPerformed",0,1,"","ele-1:All FHIR elements must have a @value or children {hasValue() or (children().count() > id.count())}
"
"VerificationResult.nextScheduled","","","",0,1,"Y","","","date {[]} {[]}
","The date when target is next validated, if appropriate","The date when target is next validated, if appropriate.","","","","","","","","","",,,,,"",,,,"VerificationResult.nextScheduled",0,1,"","ele-1:All FHIR elements must have a @value or children {hasValue() or (children().count() > id.count())}
"
"VerificationResult.failureAction","","","",1,1,"Y","","Y","CodeableConcept {[]} {[]}
","fatal | warn | rec-only | none","The result if validation fails (fatal; warning; record only; none).","","","","","","","","","",,"preferred","The result if validation fails.","http://hl7.org/fhir/ValueSet/verificationresult-failure-action","",,,,"VerificationResult.failureAction",0,1,"","ele-1:All FHIR elements must have a @value or children {hasValue() or (children().count() > id.count())}
"
"VerificationResult.primarySource","","","",0,*,"Y","","","BackboneElement {[]} {[]}
","Information about the primary source(s) involved in validation","Information about the primary source(s) involved in validation.","","","","","","","","","",,,,,"",,,,"VerificationResult.primarySource",0,*,"","ele-1:All FHIR elements must have a @value or children {hasValue() or (children().count() > id.count())}
"
"VerificationResult.primarySource.id","","","",0,1,"","","","string {[]} {[]}
","Unique id for inter-element referencing","Unique id for the element within a resource (for internal references). This may be any string value that does not contain spaces.","","","","","","","","","",,,,,"",,,,"Element.id",0,1,"","","n/a"
"VerificationResult.primarySource.extension","","extensions
user content","",0,*,"","","","Extension {[]} {[]}
","Additional content defined by implementations","May be used to represent additional information that is not part of the basic definition of the element. To make the use of extensions safe and manageable, there is a strict set of governance  applied to the definition and use of extensions. Though any implementer can define an extension, there is a set of requirements that SHALL be met as part of the definition of the extension.","There can be no stigma associated with the use of extensions by any application, project, or standard - regardless of the institution or jurisdiction that uses or defines the extensions.  The use of extensions is what allows the FHIR specification to retain a core level of simplicity for everyone.","","","","","","","","",,,,,"",,,,"Element.extension",0,*,"","ele-1:All FHIR elements must have a @value or children {hasValue() or (children().count() > id.count())}
ext-1:Must have either extensions or value[x], not both {extension.exists() != value.exists()}","n/a"
"VerificationResult.primarySource.modifierExtension","","extensions
user contentmodifiers","",0,*,"","Y","Y","Extension {[]} {[]}
","Extensions that cannot be ignored even if unrecognized","May be used to represent additional information that is not part of the basic definition of the element and that modifies the understanding of the element in which it is contained and/or the understanding of the containing element's descendants. Usually modifier elements provide negation or qualification. To make the use of extensions safe and manageable, there is a strict set of governance applied to the definition and use of extensions. Though any implementer can define an extension, there is a set of requirements that SHALL be met as part of the definition of the extension. Applications processing a resource are required to check for modifier extensions.

Modifier extensions SHALL NOT change the meaning of any elements on Resource or DomainResource (including cannot change the meaning of modifierExtension itself).","There can be no stigma associated with the use of extensions by any application, project, or standard - regardless of the institution or jurisdiction that uses or defines the extensions.  The use of extensions is what allows the FHIR specification to retain a core level of simplicity for everyone.","Modifier extensions allow for extensions that *cannot* be safely ignored to be clearly distinguished from the vast majority of extensions which can be safely ignored.  This promotes interoperability by eliminating the need for implementers to prohibit the presence of extensions. For further information, see the [definition of modifier extensions](http://hl7.org/fhir/R4/extensibility.html#modifierExtension).","","","","","","","",,,,,"",,,,"BackboneElement.modifierExtension",0,*,"","ele-1:All FHIR elements must have a @value or children {hasValue() or (children().count() > id.count())}
ext-1:Must have either extensions or value[x], not both {extension.exists() != value.exists()}","N/A"
"VerificationResult.primarySource.who","","","",0,1,"Y","","","Reference {[]} {[CanonicalType[http://hl7.org/fhir/StructureDefinition/Organization], CanonicalType[http://hl7.org/fhir/StructureDefinition/Practitioner], CanonicalType[http://hl7.org/fhir/StructureDefinition/PractitionerRole]]}
","Reference to the primary source","Reference to the primary source.","","","","","","","","","",,,,,"",,,,"VerificationResult.primarySource.who",0,1,"","ele-1:All FHIR elements must have a @value or children {hasValue() or (children().count() > id.count())}
","FiveWs.who"
"VerificationResult.primarySource.type","","","",1,*,"Y","","Y","CodeableConcept {[]} {[]}
","Type of primary source","Type of primary source","","","","","","","","","",,"example","","http://hl7.org/fhir/ValueSet/verificationresult-primary-source-type","",,,,"VerificationResult.primarySource.type",0,*,"","ele-1:All FHIR elements must have a @value or children {hasValue() or (children().count() > id.count())}
"
"VerificationResult.primarySource.communicationMethod","","","",0,*,"Y","","Y","CodeableConcept {[]} {[]}
","Method for exchanging information with the primary source","Method for communicating with the primary source (manual; API; Push).","","","","","","","","","",,"example","","http://hl7.org/fhir/ValueSet/verificationresult-communication-method","",,,,"VerificationResult.primarySource.communicationMethod",0,*,"","ele-1:All FHIR elements must have a @value or children {hasValue() or (children().count() > id.count())}
"
"VerificationResult.primarySource.validationStatus","","","",0,1,"Y","","","CodeableConcept {[]} {[]}
","successful | failed | unknown","Status of the validation of the target against the primary source (successful; failed; unknown).","","","","","","","","","",,"preferred","Status of the validation of the target against the primary source.","http://hl7.org/fhir/ValueSet/verificationresult-validation-status","",,,,"VerificationResult.primarySource.validationStatus",0,1,"","ele-1:All FHIR elements must have a @value or children {hasValue() or (children().count() > id.count())}
"
"VerificationResult.primarySource.validationDate","","","",0,1,"Y","","","dateTime {[]} {[]}
","When the target was validated against the primary source","When the target was validated against the primary source.","","","","","","","","","",,,,,"",,,,"VerificationResult.primarySource.validationDate",0,1,"","ele-1:All FHIR elements must have a @value or children {hasValue() or (children().count() > id.count())}
"
"VerificationResult.primarySource.canPushUpdates","","","",0,1,"Y","","Y","CodeableConcept {[]} {[]}
","yes | no | undetermined","Ability of the primary source to push updates/alerts (yes; no; undetermined).","","","","","","","","","",,"preferred","Ability of the primary source to push updates/alerts.","http://hl7.org/fhir/ValueSet/verificationresult-can-push-updates","",,,,"VerificationResult.primarySource.canPushUpdates",0,1,"","ele-1:All FHIR elements must have a @value or children {hasValue() or (children().count() > id.count())}
"
"VerificationResult.primarySource.pushTypeAvailable","","","",0,*,"Y","","","CodeableConcept {[]} {[]}
","specific | any | source","Type of alerts/updates the primary source can send (specific requested changes; any changes; as defined by source).","","","","","","","","","",,"preferred","Type of alerts/updates the primary source can send.","http://hl7.org/fhir/ValueSet/verificationresult-push-type-available","",,,,"VerificationResult.primarySource.pushTypeAvailable",0,*,"","ele-1:All FHIR elements must have a @value or children {hasValue() or (children().count() > id.count())}
"
"VerificationResult.attestation","","","",1,1,"Y","","","BackboneElement {[]} {[]}
","Information about the entity attesting to information","Information about the entity attesting to information.","","","","","","","","","",,,,,"",,,,"VerificationResult.attestation",0,1,"","ele-1:All FHIR elements must have a @value or children {hasValue() or (children().count() > id.count())}
"
"VerificationResult.attestation.id","","","",0,1,"","","","string {[]} {[]}
","Unique id for inter-element referencing","Unique id for the element within a resource (for internal references). This may be any string value that does not contain spaces.","","","","","","","","","",,,,,"",,,,"Element.id",0,1,"","","n/a"
"VerificationResult.attestation.extension","","extensions
user content","",0,*,"","","","Extension {[]} {[]}
","Additional content defined by implementations","May be used to represent additional information that is not part of the basic definition of the element. To make the use of extensions safe and manageable, there is a strict set of governance  applied to the definition and use of extensions. Though any implementer can define an extension, there is a set of requirements that SHALL be met as part of the definition of the extension.","There can be no stigma associated with the use of extensions by any application, project, or standard - regardless of the institution or jurisdiction that uses or defines the extensions.  The use of extensions is what allows the FHIR specification to retain a core level of simplicity for everyone.","","","","","","","","",,,,,"",,,,"Element.extension",0,*,"","ele-1:All FHIR elements must have a @value or children {hasValue() or (children().count() > id.count())}
ext-1:Must have either extensions or value[x], not both {extension.exists() != value.exists()}","n/a"
"VerificationResult.attestation.modifierExtension","","extensions
user contentmodifiers","",0,*,"","Y","Y","Extension {[]} {[]}
","Extensions that cannot be ignored even if unrecognized","May be used to represent additional information that is not part of the basic definition of the element and that modifies the understanding of the element in which it is contained and/or the understanding of the containing element's descendants. Usually modifier elements provide negation or qualification. To make the use of extensions safe and manageable, there is a strict set of governance applied to the definition and use of extensions. Though any implementer can define an extension, there is a set of requirements that SHALL be met as part of the definition of the extension. Applications processing a resource are required to check for modifier extensions.

Modifier extensions SHALL NOT change the meaning of any elements on Resource or DomainResource (including cannot change the meaning of modifierExtension itself).","There can be no stigma associated with the use of extensions by any application, project, or standard - regardless of the institution or jurisdiction that uses or defines the extensions.  The use of extensions is what allows the FHIR specification to retain a core level of simplicity for everyone.","Modifier extensions allow for extensions that *cannot* be safely ignored to be clearly distinguished from the vast majority of extensions which can be safely ignored.  This promotes interoperability by eliminating the need for implementers to prohibit the presence of extensions. For further information, see the [definition of modifier extensions](http://hl7.org/fhir/R4/extensibility.html#modifierExtension).","","","","","","","",,,,,"",,,,"BackboneElement.modifierExtension",0,*,"","ele-1:All FHIR elements must have a @value or children {hasValue() or (children().count() > id.count())}
ext-1:Must have either extensions or value[x], not both {extension.exists() != value.exists()}","N/A"
"VerificationResult.attestation.who","","","",1,1,"Y","","Y","Reference {[]} {[CanonicalType[http://hl7.org/fhir/StructureDefinition/Practitioner], CanonicalType[http://hl7.org/fhir/StructureDefinition/PractitionerRole], CanonicalType[http://hl7.org/fhir/StructureDefinition/Organization]]}
","The individual or organization attesting to information","The individual or organization attesting to information.","","","","","","","","","",,,,,"",,,,"VerificationResult.attestation.who",0,1,"","ele-1:All FHIR elements must have a @value or children {hasValue() or (children().count() > id.count())}
"
"VerificationResult.attestation.onBehalfOf","","","",0,1,"Y","","Y","Reference {[]} {[CanonicalType[http://hl7.org/fhir/StructureDefinition/Organization], CanonicalType[http://hl7.org/fhir/StructureDefinition/Practitioner], CanonicalType[http://hl7.org/fhir/StructureDefinition/PractitionerRole]]}
","When the who is asserting on behalf of another (organization or individual)","When the who is asserting on behalf of another (organization or individual).","","","","","","","","","",,,,,"",,,,"VerificationResult.attestation.onBehalfOf",0,1,"","ele-1:All FHIR elements must have a @value or children {hasValue() or (children().count() > id.count())}
"
"VerificationResult.attestation.communicationMethod","","","",1,1,"Y","","Y","CodeableConcept {[]} {[]}
","The method by which attested information was submitted/retrieved","The method by which attested information was submitted/retrieved (manual; API; Push).","","","","","","","","","",,"example","","http://hl7.org/fhir/ValueSet/verificationresult-communication-method","",,,,"VerificationResult.attestation.communicationMethod",0,1,"","ele-1:All FHIR elements must have a @value or children {hasValue() or (children().count() > id.count())}
"
"VerificationResult.attestation.date","","","",1,1,"Y","","Y","date {[]} {[]}
","The date the information was attested to","The date the information was attested to.","","","","","","","","","",,,,,"",,,,"VerificationResult.attestation.date",0,1,"","ele-1:All FHIR elements must have a @value or children {hasValue() or (children().count() > id.count())}
"
"VerificationResult.attestation.sourceIdentityCertificate","","","",0,1,"Y","","","string {[]} {[]}
","A digital identity certificate associated with the attestation source","A digital identity certificate associated with the attestation source.","","","","","","","","","",,,,,"",,,,"VerificationResult.attestation.sourceIdentityCertificate",0,1,"","ele-1:All FHIR elements must have a @value or children {hasValue() or (children().count() > id.count())}
"
"VerificationResult.attestation.proxyIdentityCertificate","","","",0,1,"Y","","","string {[]} {[]}
","A digital identity certificate associated with the proxy entity submitting attested information on behalf of the attestation source","A digital identity certificate associated with the proxy entity submitting attested information on behalf of the attestation source.","","","","","","","","","",,,,,"",,,,"VerificationResult.attestation.proxyIdentityCertificate",0,1,"","ele-1:All FHIR elements must have a @value or children {hasValue() or (children().count() > id.count())}
"
"VerificationResult.attestation.proxySignature","","","",0,1,"Y","","","Signature {[]} {[]}
","Proxy signature","Signed assertion by the proxy entity indicating that they have the right to submit attested information on behalf of the attestation source.","","","","","","","","","",,,,,"",,,,"VerificationResult.attestation.proxySignature",0,1,"","ele-1:All FHIR elements must have a @value or children {hasValue() or (children().count() > id.count())}
"
"VerificationResult.attestation.sourceSignature","","","",0,1,"Y","","","Signature {[]} {[]}
","Attester signature","Signed assertion by the attestation source that they have attested to the information.","","","","","","","","","",,,,,"",,,,"VerificationResult.attestation.sourceSignature",0,1,"","ele-1:All FHIR elements must have a @value or children {hasValue() or (children().count() > id.count())}
"
"VerificationResult.validator","","","",0,*,"Y","","","BackboneElement {[]} {[]}
","Information about the entity validating information","Information about the entity validating information.","","","","","","","","","",,,,,"",,,,"VerificationResult.validator",0,*,"","ele-1:All FHIR elements must have a @value or children {hasValue() or (children().count() > id.count())}
"
"VerificationResult.validator.id","","","",0,1,"","","","string {[]} {[]}
","Unique id for inter-element referencing","Unique id for the element within a resource (for internal references). This may be any string value that does not contain spaces.","","","","","","","","","",,,,,"",,,,"Element.id",0,1,"","","n/a"
"VerificationResult.validator.extension","","extensions
user content","",0,*,"","","","Extension {[]} {[]}
","Additional content defined by implementations","May be used to represent additional information that is not part of the basic definition of the element. To make the use of extensions safe and manageable, there is a strict set of governance  applied to the definition and use of extensions. Though any implementer can define an extension, there is a set of requirements that SHALL be met as part of the definition of the extension.","There can be no stigma associated with the use of extensions by any application, project, or standard - regardless of the institution or jurisdiction that uses or defines the extensions.  The use of extensions is what allows the FHIR specification to retain a core level of simplicity for everyone.","","","","","","","","",,,,,"",,,,"Element.extension",0,*,"","ele-1:All FHIR elements must have a @value or children {hasValue() or (children().count() > id.count())}
ext-1:Must have either extensions or value[x], not both {extension.exists() != value.exists()}","n/a"
"VerificationResult.validator.modifierExtension","","extensions
user contentmodifiers","",0,*,"","Y","Y","Extension {[]} {[]}
","Extensions that cannot be ignored even if unrecognized","May be used to represent additional information that is not part of the basic definition of the element and that modifies the understanding of the element in which it is contained and/or the understanding of the containing element's descendants. Usually modifier elements provide negation or qualification. To make the use of extensions safe and manageable, there is a strict set of governance applied to the definition and use of extensions. Though any implementer can define an extension, there is a set of requirements that SHALL be met as part of the definition of the extension. Applications processing a resource are required to check for modifier extensions.

Modifier extensions SHALL NOT change the meaning of any elements on Resource or DomainResource (including cannot change the meaning of modifierExtension itself).","There can be no stigma associated with the use of extensions by any application, project, or standard - regardless of the institution or jurisdiction that uses or defines the extensions.  The use of extensions is what allows the FHIR specification to retain a core level of simplicity for everyone.","Modifier extensions allow for extensions that *cannot* be safely ignored to be clearly distinguished from the vast majority of extensions which can be safely ignored.  This promotes interoperability by eliminating the need for implementers to prohibit the presence of extensions. For further information, see the [definition of modifier extensions](http://hl7.org/fhir/R4/extensibility.html#modifierExtension).","","","","","","","",,,,,"",,,,"BackboneElement.modifierExtension",0,*,"","ele-1:All FHIR elements must have a @value or children {hasValue() or (children().count() > id.count())}
ext-1:Must have either extensions or value[x], not both {extension.exists() != value.exists()}","N/A"
"VerificationResult.validator.organization","","","",1,1,"Y","","","Reference {[]} {[CanonicalType[http://hl7.org/fhir/StructureDefinition/Organization]]}
","Reference to the organization validating information","Reference to the organization validating information.","","","","","","","","","",,,,,"",,,,"VerificationResult.validator.organization",1,1,"","ele-1:All FHIR elements must have a @value or children {hasValue() or (children().count() > id.count())}
"
"VerificationResult.validator.identityCertificate","","","",0,1,"Y","","","string {[]} {[]}
","A digital identity certificate associated with the validator","A digital identity certificate associated with the validator.","","","","","","","","","",,,,,"",,,,"VerificationResult.validator.identityCertificate",0,1,"","ele-1:All FHIR elements must have a @value or children {hasValue() or (children().count() > id.count())}
"
"VerificationResult.validator.attestationSignature","","","",0,1,"Y","","","Signature {[]} {[]}
","Validator signature","Signed assertion by the validator that they have validated the information.","","","","","","","","","",,,,,"",,,,"VerificationResult.validator.attestationSignature",0,1,"","ele-1:All FHIR elements must have a @value or children {hasValue() or (children().count() > id.count())}
"
