{"resourceType":"CodeSystem","id":"OrganizationAffiliationRoleCS","text":{"status":"generated","div":"<div xmlns=\"http://www.w3.org/1999/xhtml\"><p>This code system http://hl7.org/fhir/us/fhir-directory-query/CodeSystem/OrganizationAffiliationRoleCS defines the following codes:</p><table class=\"codes\"><tr><td style=\"white-space:nowrap\"><b>Code</b></td><td><b>Display</b></td><td><b>Definition</b></td></tr><tr><td style=\"white-space:nowrap\">behavioral<a name=\"OrganizationAffiliationRoleCS-behavioral\"> </a></td><td>Outpatient Behavioral Health Provider</td><td>Provider of services related to the promotion of mental health, resilience and wellbeing; the treatment of mental and substance use disorders; and the support of those who experience and/or are in recovery from these conditions, along with their families and communities.</td></tr><tr><td style=\"white-space:nowrap\">bt<a name=\"OrganizationAffiliationRoleCS-bt\"> </a></td><td>Member Of</td><td>Has a relationship of participation with.  This does NOT represent a member of an insurance plan, but other types of membership such as membership of a hospital in an HIE</td></tr><tr><td style=\"white-space:nowrap\">dme<a name=\"OrganizationAffiliationRoleCS-dme\"> </a></td><td>DME/Medical Supplier</td><td>Supplier of health care consumables or equipments supplied to patients.</td></tr><tr><td style=\"white-space:nowrap\">group<a name=\"OrganizationAffiliationRoleCS-group\"> </a></td><td>Medical Group</td><td>A group of people, e.g. a group of Physicians, who render health care services.</td></tr><tr><td style=\"white-space:nowrap\">home<a name=\"OrganizationAffiliationRoleCS-home\"> </a></td><td>Home Health Provider</td><td>Provider of health care services delivered to patients within their residence rather than a clinical setting; usually provided by nurses, home health aides, and other professionals on a regularly scheduled visit.</td></tr><tr><td style=\"white-space:nowrap\">hospital<a name=\"OrganizationAffiliationRoleCS-hospital\"> </a></td><td>Hospital</td><td>An inpatient facility, other than long-term care, providng patient treatment with specialzed medical and nursing staff and medical equipment.</td></tr><tr><td style=\"white-space:nowrap\">laboratory<a name=\"OrganizationAffiliationRoleCS-laboratory\"> </a></td><td>Laboratory</td><td>Pathology and laboratory testing on clinical specimenst to obtain informaion about the health of a paeint to aid in diagnosis, treatment and prevention of disease.</td></tr><tr><td style=\"white-space:nowrap\">other<a name=\"OrganizationAffiliationRoleCS-other\"> </a></td><td>Other</td><td>A provider of heatlh care services not otherwise listed in this value set.</td></tr><tr><td style=\"white-space:nowrap\">outpatient<a name=\"OrganizationAffiliationRoleCS-outpatient\"> </a></td><td>Clinic or Outpatient Facility</td><td>An outpatient facility providing patient services, e.g. medical procedures, surgeries, etc.</td></tr><tr><td style=\"white-space:nowrap\">pharmacy<a name=\"OrganizationAffiliationRoleCS-pharmacy\"> </a></td><td>Pharmacy</td><td>An entity which provider services related to the storage, compounding, dispensing and sale of drugs.</td></tr><tr><td style=\"white-space:nowrap\">transport<a name=\"OrganizationAffiliationRoleCS-transport\"> </a></td><td>Transporation Provider</td><td>A provider which transports patients to or from a medical facility, e.g., ambulance.</td></tr><tr><td style=\"white-space:nowrap\">urgent<a name=\"OrganizationAffiliationRoleCS-urgent\"> </a></td><td>Urgent Care Center</td><td>A center in which unscheduled health care services are provided for point-in-time evaluation or treatment of a non-life-threatening medical condition.</td></tr><tr><td style=\"white-space:nowrap\">hospice<a name=\"OrganizationAffiliationRoleCS-hospice\"> </a></td><td>Hospice</td><td>Hospice</td></tr><tr><td style=\"white-space:nowrap\">nurseCustodial<a name=\"OrganizationAffiliationRoleCS-nurseCustodial\"> </a></td><td>Nursing and Custodial Care Facility</td><td>Nursing and Custodial Care Facility</td></tr><tr><td style=\"white-space:nowrap\">residential<a name=\"OrganizationAffiliationRoleCS-residential\"> </a></td><td>Residential Treatment Facility</td><td>Residential Treatment Facility</td></tr><tr><td style=\"white-space:nowrap\">respite<a name=\"OrganizationAffiliationRoleCS-respite\"> </a></td><td>Respite Care Facility</td><td>Respite Care Facility</td></tr><tr><td style=\"white-space:nowrap\">retail<a name=\"OrganizationAffiliationRoleCS-retail\"> </a></td><td>Retail Health Center</td><td>Retail Health Center</td></tr></table></div>"},"url":"http://hl7.org/fhir/us/fhir-directory-query/CodeSystem/OrganizationAffiliationRoleCS","version":"0.0.1","name":"OrganizationAffiliationRoleCS","title":"Organization Affiliation Role","status":"active","date":"2022-04-01T12:43:46-04:00","publisher":"HL7 Patient Administration Working Group","contact":[{"name":"HL7 Patient Administration Working Group","telecom":[{"system":"url","value":"https://www.hl7.org/Special/committees/pafm/index.cfm"},{"system":"email","value":"pafm@lists.HL7.org"}]}],"description":"Codes For Organization Affiliation Role","jurisdiction":[{"coding":[{"system":"urn:iso:std:iso:3166","code":"US"}]}],"content":"complete","count":17,"concept":[{"code":"behavioral","display":"Outpatient Behavioral Health Provider","definition":"Provider of services related to the promotion of mental health, resilience and wellbeing; the treatment of mental and substance use disorders; and the support of those who experience and/or are in recovery from these conditions, along with their families and communities."},{"code":"bt","display":"Member Of","definition":"Has a relationship of participation with.  This does NOT represent a member of an insurance plan, but other types of membership such as membership of a hospital in an HIE"},{"code":"dme","display":"DME/Medical Supplier","definition":"Supplier of health care consumables or equipments supplied to patients."},{"code":"group","display":"Medical Group","definition":"A group of people, e.g. a group of Physicians, who render health care services."},{"code":"home","display":"Home Health Provider","definition":"Provider of health care services delivered to patients within their residence rather than a clinical setting; usually provided by nurses, home health aides, and other professionals on a regularly scheduled visit."},{"code":"hospital","display":"Hospital","definition":"An inpatient facility, other than long-term care, providng patient treatment with specialzed medical and nursing staff and medical equipment."},{"code":"laboratory","display":"Laboratory","definition":"Pathology and laboratory testing on clinical specimenst to obtain informaion about the health of a paeint to aid in diagnosis, treatment and prevention of disease."},{"code":"other","display":"Other","definition":"A provider of heatlh care services not otherwise listed in this value set."},{"code":"outpatient","display":"Clinic or Outpatient Facility","definition":"An outpatient facility providing patient services, e.g. medical procedures, surgeries, etc."},{"code":"pharmacy","display":"Pharmacy","definition":"An entity which provider services related to the storage, compounding, dispensing and sale of drugs."},{"code":"transport","display":"Transporation Provider","definition":"A provider which transports patients to or from a medical facility, e.g., ambulance."},{"code":"urgent","display":"Urgent Care Center","definition":"A center in which unscheduled health care services are provided for point-in-time evaluation or treatment of a non-life-threatening medical condition."},{"code":"hospice","display":"Hospice","definition":"Hospice"},{"code":"nurseCustodial","display":"Nursing and Custodial Care Facility","definition":"Nursing and Custodial Care Facility"},{"code":"residential","display":"Residential Treatment Facility","definition":"Residential Treatment Facility"},{"code":"respite","display":"Respite Care Facility","definition":"Respite Care Facility"},{"code":"retail","display":"Retail Health Center","definition":"Retail Health Center"}]}