{"resourceType":"CodeSystem","id":"EndpointTypeCS","text":{"status":"generated","div":"<div xmlns=\"http://www.w3.org/1999/xhtml\"><p>This code system http://hl7.org/fhir/us/fhir-directory-query/CodeSystem/EndpointTypeCS defines the following codes:</p><table class=\"codes\"><tr><td style=\"white-space:nowrap\"><b>Code</b></td><td><b>Display</b></td></tr><tr><td style=\"white-space:nowrap\">FHIR<a name=\"EndpointTypeCS-FHIR\"> </a></td><td>FHIR Server</td></tr><tr><td style=\"white-space:nowrap\">OpEndpoint<a name=\"EndpointTypeCS-OpEndpoint\"> </a></td><td>Operation Endpoint</td></tr><tr><td style=\"white-space:nowrap\">CDS<a name=\"EndpointTypeCS-CDS\"> </a></td><td>CDS Hooks</td></tr></table></div>"},"url":"http://hl7.org/fhir/us/fhir-directory-query/CodeSystem/EndpointTypeCS","version":"0.0.1","name":"EndpointTypeCS","title":"IG Type","status":"active","date":"2022-01-11T11:42:07-05:00","publisher":"HL7 Patient Administration Working Group","contact":[{"name":"HL7 Patient Administration Working Group","telecom":[{"system":"url","value":"https://www.hl7.org/Special/committees/pafm/index.cfm"},{"system":"email","value":"pafm@lists.HL7.org"}]}],"description":"IG Type","jurisdiction":[{"coding":[{"system":"urn:iso:std:iso:3166","code":"US"}]}],"content":"complete","count":3,"concept":[{"code":"FHIR","display":"FHIR Server"},{"code":"OpEndpoint","display":"Operation Endpoint"},{"code":"CDS","display":"CDS Hooks"}]}