{"resourceType":"SearchParameter","id":"Endpoint-connection-type","url":"https://build.fhir.org/ig/HL7/fhir-directory-query/SearchParameter-endpoint-connection-type.html","version":"0.0.1","name":"NatlDirEndpointQryConnection-type","status":"active","date":"2022-04-08T11:43:46-04:00","publisher":"HL7 Patient Administration Working Group","contact":[{"name":"HL7 Patient Administration Working Group","telecom":[{"system":"url","value":"https://www.hl7.org/Special/committees/pafm/index.cfm"},{"system":"email","value":"pafm@lists.HL7.org"}]}],"description":"Accesses the  connection-type of an Endpoint","jurisdiction":[{"coding":[{"system":"urn:iso:std:iso:3166","code":"US"}]}],"code":"connection-type","base":["Endpoint"],"type":"token","expression":"Endpoint.connection-type","multipleOr":true,"multipleAnd":true}