{"resourceType":"SearchParameter","id":"Endpoint-mime-type","url":"https://build.fhir.org/ig/HL7/fhir-directory-query/SearchParameter-endpoint-mime-type.html","version":"0.0.1","name":"NatlDirEndpointQryMime-type","status":"active","date":"2022-03-25T16:16:05-04:00","publisher":"HL7 Patient Administration Working Group","contact":[{"name":"HL7 Patient Administration Working Group","telecom":[{"system":"url","value":"https://www.hl7.org/Special/committees/pafm/index.cfm"},{"system":"email","value":"pafm@lists.HL7.org"}]}],"description":"Accesses the  mime-type of an Endpoint","jurisdiction":[{"coding":[{"system":"urn:iso:std:iso:3166","code":"US"}]}],"code":"mime-type","base":["Endpoint"],"type":"token","expression":"Endpoint.mime-type","multipleOr":true,"multipleAnd":true}