{"resourceType":"SearchParameter","id":"Location-type","url":"https://build.fhir.org/ig/HL7/fhir-directory-query/SearchParameter-Location-type.html","version":"0.0.1","name":"Location-typeSearchParameter","derivedFrom":"http://hl7.org/fhir/SearchParameter/Resource-id","status":"active","date":"2022-04-01T12:43:46-04:00","publisher":"HL7 Patient Administration Working Group","contact":[{"name":"HL7 Patient Administration Working Group","telecom":[{"system":"url","value":"https://www.hl7.org/Special/committees/pafm/index.cfm"},{"system":"email","value":"pafm@lists.HL7.org"}]}],"description":"This SearchParameter enables query of Location by `type` with `mutlipleOr` enabled.","jurisdiction":[{"coding":[{"system":"urn:iso:std:iso:3166","code":"US"}]}],"code":"type","base":["Location"],"type":"token","multipleOr":true}