{"resourceType":"SearchParameter","id":"HealthcareService-organization","url":"https://build.fhir.org/ig/HL7/fhir-directory-query/SearchParameter-HealthcareService-organization.html","version":"0.0.1","name":"HealthcareService-organizationSearchParameter","derivedFrom":"http://hl7.org/fhir/SearchParameter/Resource-id","status":"active","date":"2022-03-25T16:25:37-04:00","publisher":"HL7 Patient Administration Working Group","contact":[{"name":"HL7 Patient Administration Working Group","telecom":[{"system":"url","value":"https://www.hl7.org/Special/committees/pafm/index.cfm"},{"system":"email","value":"pafm@lists.HL7.org"}]}],"description":"This SearchParameter enables query of HealthcareService by `organization` with `mutlipleOr` enabled.","jurisdiction":[{"coding":[{"system":"urn:iso:std:iso:3166","code":"US"}]}],"code":"organization","base":["HealthcareService"],"type":"token","multipleOr":true}