{"resourceType":"SearchParameter","id":"Endpoint-usecase-type","url":"https://build.fhir.org/ig/HL7/fhir-directory-query/SearchParameter-endpoint-usecase-type.html","version":"0.0.1","name":"NatlDirEndpointQryUsecasetype","status":"active","date":"2022-07-21T17:51:33-04:00","publisher":"HL7 Patient Administration Working Group","contact":[{"name":"HL7 Patient Administration Working Group","telecom":[{"system":"url","value":"https://www.hl7.org/Special/committees/pafm/index.cfm"},{"system":"email","value":"pafm@lists.HL7.org"}]}],"description":"Accesses the  usecase-type of an Endpoint","jurisdiction":[{"coding":[{"system":"urn:iso:std:iso:3166","code":"US"}]}],"code":"usecase-type","base":["Endpoint"],"type":"token","expression":"Endpoint.usecase-type","multipleOr":true,"multipleAnd":true}