{"resourceType":"SearchParameter","id":"Location-partOf","url":"https://build.fhir.org/ig/HL7/fhir-directory-query/SearchParameter-Location-partOf.html","version":"0.0.1","name":"Location-partOfSearchParameter","derivedFrom":"http://hl7.org/fhir/SearchParameter/Resource-id","status":"active","date":"2022-03-25T16:16:05-04:00","publisher":"HL7 Patient Administration Working Group","contact":[{"name":"HL7 Patient Administration Working Group","telecom":[{"system":"url","value":"https://www.hl7.org/Special/committees/pafm/index.cfm"},{"system":"email","value":"pafm@lists.HL7.org"}]}],"description":"This SearchParameter enables query of Location by `partOf` with `mutlipleOr` enabled.","jurisdiction":[{"coding":[{"system":"urn:iso:std:iso:3166","code":"US"}]}],"code":"partOf","base":["Location"],"type":"token","multipleOr":true}