{"resourceType":"SearchParameter","id":"Practicioner-family","url":"https://build.fhir.org/ig/HL7/fhir-directory-query/SearchParameter-Practicioner-family.html","version":"0.0.1","name":"Practicioner-familySearchParameter","derivedFrom":"http://hl7.org/fhir/SearchParameter/Resource-id","status":"active","date":"2022-04-05T10:32:14-04:00","publisher":"HL7 Patient Administration Working Group","contact":[{"name":"HL7 Patient Administration Working Group","telecom":[{"system":"url","value":"https://www.hl7.org/Special/committees/pafm/index.cfm"},{"system":"email","value":"pafm@lists.HL7.org"}]}],"description":"This SearchParameter enables query of Practicioner by `family` with `mutlipleOr` enabled.","jurisdiction":[{"coding":[{"system":"urn:iso:std:iso:3166","code":"US"}]}],"code":"family","base":["Practicioner"],"type":"token","multipleOr":true}