{"resourceType":"SearchParameter","id":"InsurancePlan-coverage-benefit-type","url":"https://build.fhir.org/ig/HL7/fhir-directory-query/SearchParameter-InsurancePlan-coverage-benefit-type.html","version":"0.0.1","name":"InsurancePlan-coverage-benefit-typeSearchParameter","derivedFrom":"http://hl7.org/fhir/SearchParameter/Resource-id","status":"active","date":"2022-04-01T12:43:46-04:00","publisher":"HL7 Patient Administration Working Group","contact":[{"name":"HL7 Patient Administration Working Group","telecom":[{"system":"url","value":"https://www.hl7.org/Special/committees/pafm/index.cfm"},{"system":"email","value":"pafm@lists.HL7.org"}]}],"description":"This SearchParameter enables query of InsurancePlan by `coverage-benefit-type` with `mutlipleOr` enabled.","jurisdiction":[{"coding":[{"system":"urn:iso:std:iso:3166","code":"US"}]}],"code":"coverage-benefit-type","base":["Network"],"type":"token","multipleOr":true}