{"resourceType":"SearchParameter","id":"Organization-partOf","url":"https://build.fhir.org/ig/HL7/fhir-directory-query/SearchParameter-Organization-partOf.html","version":"0.0.1","name":"Organization-partOfSearchParameter","derivedFrom":"http://hl7.org/fhir/SearchParameter/Resource-id","status":"active","date":"2022-05-25T13:59:19-04:00","publisher":"HL7 Patient Administration Working Group","contact":[{"name":"HL7 Patient Administration Working Group","telecom":[{"system":"url","value":"https://www.hl7.org/Special/committees/pafm/index.cfm"},{"system":"email","value":"pafm@lists.HL7.org"}]}],"description":"This SearchParameter enables query of Organization by `partOf` with `mutlipleOr` enabled.","jurisdiction":[{"coding":[{"system":"urn:iso:std:iso:3166","code":"US"}]}],"code":"partOf","base":["Organization"],"type":"token","multipleOr":true}