{"resourceType":"SearchParameter","id":"PracticionerRole-service","url":"https://build.fhir.org/ig/HL7/fhir-directory-query/SearchParameter-PracticionerRole-service.html","version":"0.0.1","name":"PracticionerRole-serviceSearchParameter","derivedFrom":"http://hl7.org/fhir/SearchParameter/Resource-id","status":"active","date":"2022-04-08T11:43:46-04:00","publisher":"HL7 Patient Administration Working Group","contact":[{"name":"HL7 Patient Administration Working Group","telecom":[{"system":"url","value":"https://www.hl7.org/Special/committees/pafm/index.cfm"},{"system":"email","value":"pafm@lists.HL7.org"}]}],"description":"This SearchParameter enables query of PracticionerRole by `service` with `mutlipleOr` enabled.","jurisdiction":[{"coding":[{"system":"urn:iso:std:iso:3166","code":"US"}]}],"code":"service","base":["PracticionerRole"],"type":"token","multipleOr":true}