{"resourceType":"SearchParameter","id":"OrganizationAffiliation-service","url":"https://build.fhir.org/ig/HL7/fhir-directory-query/SearchParameter-OrganizationAffiliation-service.html","version":"0.0.1","name":"OrganizationAffiliation-serviceSearchParameter","derivedFrom":"http://hl7.org/fhir/SearchParameter/Resource-id","status":"active","date":"2022-04-20T16:26:55-04:00","publisher":"HL7 Patient Administration Working Group","contact":[{"name":"HL7 Patient Administration Working Group","telecom":[{"system":"url","value":"https://www.hl7.org/Special/committees/pafm/index.cfm"},{"system":"email","value":"pafm@lists.HL7.org"}]}],"description":"This SearchParameter enables query of Organization by `service` with `mutlipleOr` enabled.","jurisdiction":[{"coding":[{"system":"urn:iso:std:iso:3166","code":"US"}]}],"code":"service","base":["OrganizationAffiliation"],"type":"token","multipleOr":true}