{"resourceType":"SearchParameter","id":"Endpoint-connection-type","url":"https://build.fhir.org/ig/HL7/fhir-directory-query/SearchParameter-endpoint-connection-type.html","version":"1.0.0-ballot1","name":"NatlDirEndpointQryConnectiontype","status":"active","date":"2022-07-24T13:15:49-04:00","publisher":"HL7 Patient Administration Working Group","contact":[{"name":"HL7 Patient Administration Working Group","telecom":[{"system":"url","value":"https://www.hl7.org/Special/committees/pafm/index.cfm"},{"system":"email","value":"pafm@lists.HL7.org"}]}],"description":"Accesses the  connection type of an Endpoint","jurisdiction":[{"coding":[{"system":"urn:iso:std:iso:3166","code":"US"}]}],"code":"connectiontype","base":["Endpoint"],"type":"token","expression":"Endpoint.connectiontype","multipleOr":true,"multipleAnd":true}