{"resourceType":"SearchParameter","id":"OrganizationAffiliation-role","url":"https://build.fhir.org/ig/HL7/fhir-directory-query/SearchParameter-OrganizationAffiliation-role.html","version":"1.0.0-ballot1","name":"OrganizationAffiliationRoleSearchParameter","derivedFrom":"http://hl7.org/fhir/SearchParameter/Resource-id","status":"active","date":"2022-07-25T09:59:20-04:00","publisher":"HL7 Patient Administration Working Group","contact":[{"name":"HL7 Patient Administration Working Group","telecom":[{"system":"url","value":"https://www.hl7.org/Special/committees/pafm/index.cfm"},{"system":"email","value":"pafm@lists.HL7.org"}]}],"description":"This SearchParameter enables query of Organization by `role` with `mutlipleOr` enabled.","jurisdiction":[{"coding":[{"system":"urn:iso:std:iso:3166","code":"US"}]}],"code":"role","base":["OrganizationAffiliation"],"type":"token","multipleOr":true}