{"resourceType":"SearchParameter","id":"practitioner-name","url":"https://build.fhir.org/ig/HL7/fhir-directory-query/SearchParameter-practitioner-name.html","version":"0.0.1","name":"practitioner-nameSearchParameter","derivedFrom":"http://hl7.org/fhir/SearchParameter/Resource-id","status":"active","date":"2022-06-03T15:19:55-04:00","publisher":"HL7 Patient Administration Working Group","contact":[{"name":"HL7 Patient Administration Working Group","telecom":[{"system":"url","value":"https://www.hl7.org/Special/committees/pafm/index.cfm"},{"system":"email","value":"pafm@lists.HL7.org"}]}],"description":"This SearchParameter enables query of practitioner by `name` with `mutlipleOr` enabled.","jurisdiction":[{"coding":[{"system":"urn:iso:std:iso:3166","code":"US"}]}],"code":"name","base":["Practitioner"],"type":"token","multipleOr":true}