{"resourceType":"ValueSet","id":"HealthcareServiceCategoryVS","text":{"status":"generated","div":"<div xmlns=\"http://www.w3.org/1999/xhtml\"><ul><li>Include all codes defined in <a href=\"CodeSystem-HealthcareServiceCategoryCS.html\"><code>http://hl7.org/fhir/us/fhir-directory-query/CodeSystem/HealthcareServiceCategoryCS</code></a></li></ul></div>"},"url":"http://hl7.org/fhir/us/fhir-directory-query/ValueSet/HealthcareServiceCategoryVS","version":"0.0.1","name":"HealthcareServiceCategoryVS","title":"Healthcare Service Category","status":"active","date":"2022-07-12T12:55:11-04:00","publisher":"HL7 Patient Administration Working Group","contact":[{"name":"HL7 Patient Administration Working Group","telecom":[{"system":"url","value":"https://www.hl7.org/Special/committees/pafm/index.cfm"},{"system":"email","value":"pafm@lists.HL7.org"}]}],"description":"Broad categories of healthcare services being performed or delivered.","jurisdiction":[{"coding":[{"system":"urn:iso:std:iso:3166","code":"US"}]}],"compose":{"include":[{"system":"http://hl7.org/fhir/us/fhir-directory-query/CodeSystem/HealthcareServiceCategoryCS"}]}}