{"resourceType":"ValueSet","id":"NonIndividualSpecialtyAndDegreeLicenseCertificateVS","text":{"status":"generated","div":"<div xmlns=\"http://www.w3.org/1999/xhtml\"><p>This value set includes codes based on the following rules:</p><ul><li>Import all the codes that are contained in <a href=\"ValueSet-NonIndividualSpecialtiesVS.html\">http://hl7.org/fhir/us/fhir-directory-query/ValueSet/NonIndividualSpecialtiesVS</a></li><li>Include all codes defined in <a href=\"http://terminology.hl7.org/3.1.0/CodeSystem-v2-0360.html\"><code>http://terminology.hl7.org/CodeSystem/v2-0360</code></a></li></ul></div>"},"url":"http://hl7.org/fhir/us/fhir-directory-query/ValueSet/NonIndividualSpecialtyAndDegreeLicenseCertificateVS","version":"0.0.1","name":"NonIndividualSpecialtyAndDegreeLicenseCertificateVS","title":"Non-Individual Specialties, Degrees, Licenses, and Certificates","status":"active","date":"2022-04-05T10:32:14-04:00","publisher":"HL7 Patient Administration Working Group","contact":[{"name":"HL7 Patient Administration Working Group","telecom":[{"system":"url","value":"https://www.hl7.org/Special/committees/pafm/index.cfm"},{"system":"email","value":"pafm@lists.HL7.org"}]}],"description":"Non-Individual Specialties, Degrees, Licenses, and Certificates","jurisdiction":[{"coding":[{"system":"urn:iso:std:iso:3166","code":"US"}]}],"compose":{"include":[{"valueSet":["http://hl7.org/fhir/us/fhir-directory-query/ValueSet/NonIndividualSpecialtiesVS"]},{"system":"http://terminology.hl7.org/CodeSystem/v2-0360"}]}}