{"resourceType":"ValueSet","id":"VirtualModalitiesVS","text":{"status":"generated","div":"<div xmlns=\"http://www.w3.org/1999/xhtml\"><ul><li>Include all codes defined in <a href=\"CodeSystem-VirtualModalitiesCS.html\"><code>http://hl7.org/fhir/us/fhir-directory-query/CodeSystem/VirtualModalitiesCS</code></a></li></ul></div>"},"url":"http://hl7.org/fhir/us/fhir-directory-query/ValueSet/VirtualModalitiesVS","version":"0.0.1","name":"VirtualModalitiesVS","title":"Virtual Modalities","status":"active","date":"2022-03-09T14:32:46-05:00","publisher":"HL7 Patient Administration Working Group","contact":[{"name":"HL7 Patient Administration Working Group","telecom":[{"system":"url","value":"https://www.hl7.org/Special/committees/pafm/index.cfm"},{"system":"email","value":"pafm@lists.HL7.org"}]}],"description":"Codes for virtual service delivery modalities .","jurisdiction":[{"coding":[{"system":"urn:iso:std:iso:3166","code":"US"}]}],"compose":{"include":[{"system":"http://hl7.org/fhir/us/fhir-directory-query/CodeSystem/VirtualModalitiesCS"}]}}