{
  "resourceType": "CapabilityStatement",
  "id": "fhir-directory-query-provider-expanded",
  "text": {
    "status": "extensions",
    "div": "<div xmlns=\"http://www.w3.org/1999/xhtml\"><h2>CapabilityStatementFhirDirectoryQueryProviderExpanded</h2><div><p>Capabilities for a Federated Query Server for a Provider where minimum search capabilities are met</p>\n</div><table><tr><td>Mode</td><td>SERVER</td></tr><tr><td>Description</td><td><div><p>A Federated Query server <strong>SHALL</strong>:</p>\n<ol>\n<li>Support all profiles defined in this Implementation Guide..</li>\n<li>Implement the RESTful behavior according to the FHIR specification.</li>\n<li>Return the following response classes:\n<ul>\n<li>(Status 400): invalid parameter</li>\n<li>(Status 401/4xx): unauthorized request</li>\n<li>(Status 403): insufficient scope</li>\n<li>(Status 404): unknown resource</li>\n<li>(Status 410): deleted resource.</li>\n</ul>\n</li>\n<li>Support json source formats for all mCODE interactions.</li>\n<li>Identify the mCODE  profiles supported as part of the FHIR <code>meta.profile</code> attribute for each instance.</li>\n<li>Support the searchParameters on each profile individually and in combination.</li>\n</ol>\n<p>The Federated Query Server <strong>SHOULD</strong>:</p>\n<ol>\n<li>Support xml source formats for all mCODE interactions.</li>\n</ol>\n</div></td></tr><tr><td>Transaction</td><td></td></tr><tr><td>System History</td><td></td></tr><tr><td>System Search</td><td></td></tr></table><table><tr><th><b>Resource Type</b></th><th><b>Profile</b></th><th><b title=\"GET a resource (read interaction)\">Read</b></th><th><b title=\"GET all set of resources of the type (search interaction)\">Search</b></th><th><b title=\"PUT a new resource version (update interaction)\">Update</b></th><th><b title=\"POST a new resource (create interaction)\">Create</b></th></tr><tr><td>endpoint</td><td>Supported profiles:<br/>  <a href=\"https://build.fhir.org/ig/HL7/fhir-directory-query/StructureDefinition-NatlDirEndpointQry-EndpointComplete.html\">https://build.fhir.org/ig/HL7/fhir-directory-query/StructureDefinition-NatlDirEndpointQry-EndpointComplete.html</a></td><td></td><td></td><td></td><td></td></tr><tr><td>healthcareService</td><td>Supported profiles:<br/>  <a href=\"https://build.fhir.org/ig/HL7/fhir-directory-query/StructureDefinition-NatlDirEndpointQry-HealthcareServiceComplete.html\">https://build.fhir.org/ig/HL7/fhir-directory-query/StructureDefinition-NatlDirEndpointQry-HealthcareServiceComplete.html</a></td><td></td><td></td><td></td><td></td></tr><tr><td>InsurancePlan</td><td>Supported profiles:<br/>  <a href=\"https://build.fhir.org/ig/HL7/fhir-directory-query/StructureDefinition-NatlDirEndpointQry-InsurancePlanComplete.html\">https://build.fhir.org/ig/HL7/fhir-directory-query/StructureDefinition-NatlDirEndpointQry-InsurancePlanComplete.html</a></td><td></td><td></td><td></td><td></td></tr><tr><td>location</td><td>Supported profiles:<br/>  <a href=\"https://build.fhir.org/ig/HL7/fhir-directory-query/StructureDefinition-NatlDirEndpointQry-locationComplete.html\">https://build.fhir.org/ig/HL7/fhir-directory-query/StructureDefinition-NatlDirEndpointQry-locationComplete.html</a></td><td></td><td></td><td></td><td></td></tr><tr><td>network</td><td>Supported profiles:<br/>  <a href=\"https://build.fhir.org/ig/HL7/fhir-directory-query/StructureDefinition-NatlDirEndpointQry-networkComplete.html\">https://build.fhir.org/ig/HL7/fhir-directory-query/StructureDefinition-NatlDirEndpointQry-networkComplete.html</a></td><td></td><td></td><td></td><td></td></tr><tr><td>organization</td><td>Supported profiles:<br/>  <a href=\"https://build.fhir.org/ig/HL7/fhir-directory-query/StructureDefinition-NatlDirEndpointQry-organizationComplete.html\">https://build.fhir.org/ig/HL7/fhir-directory-query/StructureDefinition-NatlDirEndpointQry-organizationComplete.html</a></td><td></td><td></td><td></td><td></td></tr><tr><td>OrganizationAffiliation</td><td>Supported profiles:<br/>  <a href=\"https://build.fhir.org/ig/HL7/fhir-directory-query/StructureDefinition-NatlDirEndpointQry-organizationAffiliationComplete.html\">https://build.fhir.org/ig/HL7/fhir-directory-query/StructureDefinition-NatlDirEndpointQry-organizationAffiliationComplete.html</a></td><td></td><td></td><td></td><td></td></tr><tr><td>Practitioner</td><td>Supported profiles:<br/>  <a href=\"https://build.fhir.org/ig/HL7/fhir-directory-query/StructureDefinition-NatlDirEndpointQry-PractitionerComplete.html\">https://build.fhir.org/ig/HL7/fhir-directory-query/StructureDefinition-NatlDirEndpointQry-PractitionerComplete.html</a></td><td></td><td></td><td></td><td></td></tr><tr><td>PractitionerRole</td><td>Supported profiles:<br/>  <a href=\"https://build.fhir.org/ig/HL7/fhir-directory-query/StructureDefinition-NatlDirEndpointQry-PractitionerRoleComplete.html\">https://build.fhir.org/ig/HL7/fhir-directory-query/StructureDefinition-NatlDirEndpointQry-PractitionerRoleComplete.html</a></td><td></td><td></td><td></td><td></td></tr><tr><td>Restriction</td><td>Supported profiles:<br/>  <a href=\"https://build.fhir.org/ig/HL7/fhir-directory-query/StructureDefinition-NatlDirEndpointQry-Restriction.html\">https://build.fhir.org/ig/HL7/fhir-directory-query/StructureDefinition-NatlDirEndpointQry-Restriction.html</a></td><td></td><td></td><td></td><td></td></tr><tr><td>Validation</td><td>Supported profiles:<br/>  <a href=\"https://build.fhir.org/ig/HL7/fhir-directory-query/StructureDefinition-NatlDirEndpointQry-ValidationComplete.html\">https://build.fhir.org/ig/HL7/fhir-directory-query/StructureDefinition-NatlDirEndpointQry-ValidationComplete.html</a></td><td></td><td></td><td></td><td></td></tr><tr><td>CareTeam</td><td>Supported profiles:<br/>  <a href=\"https://build.fhir.org/ig/HL7/fhir-directory-query/StructureDefinition-NatlDirEndpointQry-CareTeamComplete.html\">https://build.fhir.org/ig/HL7/fhir-directory-query/StructureDefinition-NatlDirEndpointQry-CareTeamComplete.html</a></td><td></td><td></td><td></td><td></td></tr></table></div>"
  },
  "url": "http://hl7.org/fhir/us/fhir-directory-query/CapabilityStatement/fhir-directory-query-provider-expanded",
  "version": "0.0.1",
  "name": "CapabilityStatementFhirDirectoryQueryProviderExpanded",
  "title": "Capability Statement Provider Federated Expanded Server  ",
  "status": "draft",
  "experimental": true,
  "date": "2022-02-15T07:15:00.000000-04:00",
  "publisher": "HL7 Patient Administration Working Group",
  "contact": [
    {
      "name": "HL7 Patient Administration Working Group",
      "telecom": [
        {
          "system": "url",
          "value": "https://www.hl7.org/Special/committees/pafm/index.cfm"
        },
        {
          "system": "email",
          "value": "pafm@lists.HL7.org"
        }
      ]
    }
  ],
  "description": "Capabilities for a Federated Query Server for a Provider where minimum search capabilities are met",
  "jurisdiction": [
    {
      "coding": [
        {
          "system": "urn:iso:std:iso:3166",
          "code": "US"
        }
      ]
    }
  ],
  "kind": "requirements",
  "fhirVersion": "4.0.1",
  "format": [
    "xml",
    "json"
  ],
  "implementationGuide": [
    "https://build.fhir.org/ig/HL7/fhir-directory-query/"
  ],
  "rest": [
    {
      "mode": "server",
      "documentation": "A Federated Query server **SHALL**:\n\n1. Support all profiles defined in this Implementation Guide..\n1.  Implement the RESTful behavior according to the FHIR specification.\n1. Return the following response classes:\n   - (Status 400): invalid parameter\n   - (Status 401/4xx): unauthorized request\n   - (Status 403): insufficient scope\n   - (Status 404): unknown resource\n   - (Status 410): deleted resource.\n1. Support json source formats for all mCODE interactions.\n1. Identify the mCODE  profiles supported as part of the FHIR `meta.profile` attribute for each instance.\n1. Support the searchParameters on each profile individually and in combination.\n\nThe Federated Query Server **SHOULD**:\n\n1. Support xml source formats for all mCODE interactions.\n",
      "security": {
        "description": "1. See the [General Security Considerations](https://www.hl7.org/fhir/security.html#general) section for requirements and recommendations.\n1. A client **SHALL** reject any unauthorized requests by returning an `HTTP 401` unauthorized response code."
      },
      "resource": [
        {
          "extension": [
            {
              "url": "http://hl7.org/fhir/StructureDefinition/capabilitystatement-expectation",
              "valueCode": "SHALL"
            }
          ],
          "type": "endpoint",
          "supportedProfile": [
            "https://build.fhir.org/ig/HL7/fhir-directory-query/StructureDefinition-NatlDirEndpointQry-EndpointComplete.html"
          ],
          "_supportedProfile": [
            {
              "extension": [
                {
                  "url": "http://hl7.org/fhir/StructureDefinition/capabilitystatement-expectation",
                  "valueCode": "SHALL"
                }
              ]
            }
          ],
          "searchParam": [
            {
              "extension": [
                {
                  "url": "http://hl7.org/fhir/StructureDefinition/capabilitystatement-expectation",
                  "valueCode": "SHALL"
                }
              ],
              "name": "identifier",
              "definition": "https://build.fhir.org/ig/HL7/fhir-directory-query/SearchParameter-EndpointComplete-identifier",
              "type": "token"
            },
            {
              "extension": [
                {
                  "url": "http://hl7.org/fhir/StructureDefinition/capabilitystatement-expectation",
                  "valueCode": "SHALL"
                }
              ],
              "name": "usecase-type",
              "definition": "https://build.fhir.org/ig/HL7/fhir-directory-query/SearchParameter-EndpointComplete-usecase-type.html",
              "type": "token"
            }
          ]
        },
        {
          "type": "healthcareService",
          "supportedProfile": [
            "https://build.fhir.org/ig/HL7/fhir-directory-query/StructureDefinition-NatlDirEndpointQry-HealthcareServiceComplete.html"
          ],
          "_supportedProfile": [
            {
              "extension": [
                {
                  "url": "http://hl7.org/fhir/StructureDefinition/capabilitystatement-expectation",
                  "valueCode": "SHALL"
                }
              ]
            }
          ],
          "searchParam": [
            {
              "extension": [
                {
                  "url": "http://hl7.org/fhir/StructureDefinition/capabilitystatement-expectation",
                  "valueCode": "SHALL"
                }
              ],
              "name": "service-category",
              "definition": "https://build.fhir.org/ig/HL7/fhir-directory-query/SearchParameter-HealthcareServiceComplete-service-category",
              "type": "token"
            },
            {
              "extension": [
                {
                  "url": "http://hl7.org/fhir/StructureDefinition/capabilitystatement-expectation",
                  "valueCode": "SHALL"
                }
              ],
              "name": "coverage-area",
              "definition": "https://build.fhir.org/ig/HL7/fhir-directory-query/SearchParameter-HealthcareServiceComplete-coverage-area",
              "type": "token"
            },
            {
              "extension": [
                {
                  "url": "http://hl7.org/fhir/StructureDefinition/capabilitystatement-expectation",
                  "valueCode": "SHALL"
                }
              ],
              "name": "endpoint",
              "definition": "https://build.fhir.org/ig/HL7/fhir-directory-query/SearchParameter-HealthcareServiceComplete-EndpointComplete",
              "type": "token"
            },
            {
              "extension": [
                {
                  "url": "http://hl7.org/fhir/StructureDefinition/capabilitystatement-expectation",
                  "valueCode": "SHALL"
                }
              ],
              "name": "location",
              "definition": "https://build.fhir.org/ig/HL7/fhir-directory-query/SearchParameter-HealthcareServiceComplete-location",
              "type": "token"
            },
            {
              "extension": [
                {
                  "url": "http://hl7.org/fhir/StructureDefinition/capabilitystatement-expectation",
                  "valueCode": "SHALL"
                }
              ],
              "name": "name",
              "definition": "https://build.fhir.org/ig/HL7/fhir-directory-query/SearchParameter-HealthcareServiceComplete-name",
              "type": "token"
            },
            {
              "extension": [
                {
                  "url": "http://hl7.org/fhir/StructureDefinition/capabilitystatement-expectation",
                  "valueCode": "SHALL"
                }
              ],
              "name": "organization",
              "definition": "https://build.fhir.org/ig/HL7/fhir-directory-query/SearchParameter-HealthcareServiceComplete-organization",
              "type": "token"
            },
            {
              "extension": [
                {
                  "url": "http://hl7.org/fhir/StructureDefinition/capabilitystatement-expectation",
                  "valueCode": "SHALL"
                }
              ],
              "name": "specialty",
              "definition": "https://build.fhir.org/ig/HL7/fhir-directory-query/SearchParameter-HealthcareServiceComplete-specialty",
              "type": "token"
            },
            {
              "extension": [
                {
                  "url": "http://hl7.org/fhir/StructureDefinition/capabilitystatement-expectation",
                  "valueCode": "SHALL"
                }
              ],
              "name": "service-type",
              "definition": "https://build.fhir.org/ig/HL7/fhir-directory-query/SearchParameter-HealthcareServiceComplete-service-type",
              "type": "token"
            }
          ]
        },
        {
          "type": "InsurancePlan",
          "supportedProfile": [
            "https://build.fhir.org/ig/HL7/fhir-directory-query/StructureDefinition-NatlDirEndpointQry-InsurancePlanComplete.html"
          ],
          "_supportedProfile": [
            {
              "extension": [
                {
                  "url": "http://hl7.org/fhir/StructureDefinition/capabilitystatement-expectation",
                  "valueCode": "SHOULD"
                }
              ]
            }
          ],
          "searchParam": [
            {
              "extension": [
                {
                  "url": "http://hl7.org/fhir/StructureDefinition/capabilitystatement-expectation",
                  "valueCode": "SHALL"
                }
              ],
              "name": "coverage-area",
              "definition": "https://build.fhir.org/ig/HL7/fhir-directory-query/SearchParameter-InsurancePlanComplete-coverage-area",
              "type": "token"
            },
            {
              "extension": [
                {
                  "url": "http://hl7.org/fhir/StructureDefinition/capabilitystatement-expectation",
                  "valueCode": "SHALL"
                }
              ],
              "name": "administrated-by",
              "definition": "https://build.fhir.org/ig/HL7/fhir-directory-query/SearchParameter-InsurancePlanComplete-administrated-by",
              "type": "token"
            },
            {
              "extension": [
                {
                  "url": "http://hl7.org/fhir/StructureDefinition/capabilitystatement-expectation",
                  "valueCode": "SHALL"
                }
              ],
              "name": "coverage-benefit-type",
              "definition": "https://build.fhir.org/ig/HL7/fhir-directory-query/SearchParameter-InsurancePlanComplete-coverage-benefit-type",
              "type": "token"
            },
            {
              "extension": [
                {
                  "url": "http://hl7.org/fhir/StructureDefinition/capabilitystatement-expectation",
                  "valueCode": "SHALL"
                }
              ],
              "name": "coverage-network",
              "definition": "https://build.fhir.org/ig/HL7/fhir-directory-query/SearchParameter-InsurancePlanComplete-coverage-network",
              "type": "token"
            },
            {
              "extension": [
                {
                  "url": "http://hl7.org/fhir/StructureDefinition/capabilitystatement-expectation",
                  "valueCode": "SHALL"
                }
              ],
              "name": "identifier",
              "definition": "https://build.fhir.org/ig/HL7/fhir-directory-query/SearchParameter-InsurancePlanComplete-identifier",
              "type": "token"
            },
            {
              "extension": [
                {
                  "url": "http://hl7.org/fhir/StructureDefinition/capabilitystatement-expectation",
                  "valueCode": "SHALL"
                }
              ],
              "name": "type",
              "definition": "https://build.fhir.org/ig/HL7/fhir-directory-query/SearchParameter-InsurancePlanComplete-type",
              "type": "token"
            },
            {
              "extension": [
                {
                  "url": "http://hl7.org/fhir/StructureDefinition/capabilitystatement-expectation",
                  "valueCode": "SHALL"
                }
              ],
              "name": "name",
              "definition": "https://build.fhir.org/ig/HL7/fhir-directory-query/SearchParameter-InsurancePlanComplete-name",
              "type": "token"
            },
            {
              "extension": [
                {
                  "url": "http://hl7.org/fhir/StructureDefinition/capabilitystatement-expectation",
                  "valueCode": "SHALL"
                }
              ],
              "name": "owned-by",
              "definition": "https://build.fhir.org/ig/HL7/fhir-directory-query/SearchParameter-InsurancePlanComplete-owned-by",
              "type": "token"
            }
          ]
        },
        {
          "type": "location",
          "supportedProfile": [
            "https://build.fhir.org/ig/HL7/fhir-directory-query/StructureDefinition-NatlDirEndpointQry-locationComplete.html"
          ],
          "_supportedProfile": [
            {
              "extension": [
                {
                  "url": "http://hl7.org/fhir/StructureDefinition/capabilitystatement-expectation",
                  "valueCode": "SHALL"
                }
              ]
            }
          ],
          "searchParam": [
            {
              "extension": [
                {
                  "url": "http://hl7.org/fhir/StructureDefinition/capabilitystatement-expectation",
                  "valueCode": "SHALL"
                }
              ],
              "name": "address",
              "definition": "https://build.fhir.org/ig/HL7/fhir-directory-query/SearchParameter-locationComplete-address",
              "type": "token"
            },
            {
              "extension": [
                {
                  "url": "http://hl7.org/fhir/StructureDefinition/capabilitystatement-expectation",
                  "valueCode": "SHALL"
                }
              ],
              "name": "endpoint",
              "definition": "https://build.fhir.org/ig/HL7/fhir-directory-query/SearchParameter-locationComplete-EndpointComplete",
              "type": "token"
            },
            {
              "extension": [
                {
                  "url": "http://hl7.org/fhir/StructureDefinition/capabilitystatement-expectation",
                  "valueCode": "SHALL"
                }
              ],
              "name": "organization",
              "definition": "https://build.fhir.org/ig/HL7/fhir-directory-query/SearchParameter-locationComplete-organization",
              "type": "token"
            },
            {
              "extension": [
                {
                  "url": "http://hl7.org/fhir/StructureDefinition/capabilitystatement-expectation",
                  "valueCode": "SHALL"
                }
              ],
              "name": "physicalType",
              "definition": "https://build.fhir.org/ig/HL7/fhir-directory-query/SearchParameter-locationComplete-physicalType",
              "type": "token"
            },
            {
              "extension": [
                {
                  "url": "http://hl7.org/fhir/StructureDefinition/capabilitystatement-expectation",
                  "valueCode": "SHALL"
                }
              ],
              "name": "partOf",
              "definition": "https://build.fhir.org/ig/HL7/fhir-directory-query/SearchParameter-locationComplete-partOf",
              "type": "token"
            },
            {
              "extension": [
                {
                  "url": "http://hl7.org/fhir/StructureDefinition/capabilitystatement-expectation",
                  "valueCode": "SHALL"
                }
              ],
              "name": "type",
              "definition": "https://build.fhir.org/ig/HL7/fhir-directory-query/SearchParameter-locationComplete-type",
              "type": "token"
            }
          ]
        },
        {
          "type": "network",
          "supportedProfile": [
            "https://build.fhir.org/ig/HL7/fhir-directory-query/StructureDefinition-NatlDirEndpointQry-networkComplete.html"
          ],
          "_supportedProfile": [
            {
              "extension": [
                {
                  "url": "http://hl7.org/fhir/StructureDefinition/capabilitystatement-expectation",
                  "valueCode": "SHOULD"
                }
              ]
            }
          ],
          "searchParam": [
            {
              "extension": [
                {
                  "url": "http://hl7.org/fhir/StructureDefinition/capabilitystatement-expectation",
                  "valueCode": "SHALL"
                }
              ],
              "name": "coverage-area",
              "definition": "https://build.fhir.org/ig/HL7/fhir-directory-query/SearchParameter-location-coverage-area",
              "type": "token"
            },
            {
              "extension": [
                {
                  "url": "http://hl7.org/fhir/StructureDefinition/capabilitystatement-expectation",
                  "valueCode": "SHALL"
                }
              ],
              "name": "name",
              "definition": "https://build.fhir.org/ig/HL7/fhir-directory-query/SearchParameter-networkComplete-name",
              "type": "token"
            }
          ]
        },
        {
          "type": "organization",
          "supportedProfile": [
            "https://build.fhir.org/ig/HL7/fhir-directory-query/StructureDefinition-NatlDirEndpointQry-organizationComplete.html"
          ],
          "_supportedProfile": [
            {
              "extension": [
                {
                  "url": "http://hl7.org/fhir/StructureDefinition/capabilitystatement-expectation",
                  "valueCode": "SHALL"
                }
              ]
            }
          ],
          "searchParam": [
            {
              "extension": [
                {
                  "url": "http://hl7.org/fhir/StructureDefinition/capabilitystatement-expectation",
                  "valueCode": "SHALL"
                }
              ],
              "name": "type",
              "definition": "https://build.fhir.org/ig/HL7/fhir-directory-query/SearchParameter-organizationComplete-type",
              "type": "token"
            },
            {
              "extension": [
                {
                  "url": "http://hl7.org/fhir/StructureDefinition/capabilitystatement-expectation",
                  "valueCode": "SHALL"
                }
              ],
              "name": "address",
              "definition": "https://build.fhir.org/ig/HL7/fhir-directory-query/SearchParameter-organizationComplete-address",
              "type": "token"
            },
            {
              "extension": [
                {
                  "url": "http://hl7.org/fhir/StructureDefinition/capabilitystatement-expectation",
                  "valueCode": "SHALL"
                }
              ],
              "name": "endpoint",
              "definition": "https://build.fhir.org/ig/HL7/fhir-directory-query/SearchParameter-organizationComplete-EndpointComplete",
              "type": "token"
            },
            {
              "extension": [
                {
                  "url": "http://hl7.org/fhir/StructureDefinition/capabilitystatement-expectation",
                  "valueCode": "SHALL"
                }
              ],
              "name": "identifier",
              "definition": "https://build.fhir.org/ig/HL7/fhir-directory-query/SearchParameter-organizationComplete-identifier",
              "type": "token"
            },
            {
              "extension": [
                {
                  "url": "http://hl7.org/fhir/StructureDefinition/capabilitystatement-expectation",
                  "valueCode": "SHALL"
                }
              ],
              "name": "name",
              "definition": "https://build.fhir.org/ig/HL7/fhir-directory-query/SearchParameter-organizationComplete-name",
              "type": "token"
            },
            {
              "extension": [
                {
                  "url": "http://hl7.org/fhir/StructureDefinition/capabilitystatement-expectation",
                  "valueCode": "SHALL"
                }
              ],
              "name": "partOf",
              "definition": "https://build.fhir.org/ig/HL7/fhir-directory-query/SearchParameter-organizationComplete-partOf",
              "type": "token"
            }
          ]
        },
        {
          "type": "OrganizationAffiliation",
          "supportedProfile": [
            "https://build.fhir.org/ig/HL7/fhir-directory-query/StructureDefinition-NatlDirEndpointQry-organizationAffiliationComplete.html"
          ],
          "_supportedProfile": [
            {
              "extension": [
                {
                  "url": "http://hl7.org/fhir/StructureDefinition/capabilitystatement-expectation",
                  "valueCode": "SHALL"
                }
              ]
            }
          ],
          "searchParam": [
            {
              "extension": [
                {
                  "url": "http://hl7.org/fhir/StructureDefinition/capabilitystatement-expectation",
                  "valueCode": "SHALL"
                }
              ],
              "name": "endpoint",
              "definition": "https://build.fhir.org/ig/HL7/fhir-directory-query/SearchParameter-organizationAffiliationComplete-EndpointComplete",
              "type": "token"
            },
            {
              "extension": [
                {
                  "url": "http://hl7.org/fhir/StructureDefinition/capabilitystatement-expectation",
                  "valueCode": "SHALL"
                }
              ],
              "name": "location",
              "definition": "https://build.fhir.org/ig/HL7/fhir-directory-query/SearchParameter-organizationAffiliationComplete-location",
              "type": "token"
            },
            {
              "extension": [
                {
                  "url": "http://hl7.org/fhir/StructureDefinition/capabilitystatement-expectation",
                  "valueCode": "SHALL"
                }
              ],
              "name": "network",
              "definition": "https://build.fhir.org/ig/HL7/fhir-directory-query/SearchParameter-organizationAffiliationComplete-network",
              "type": "token"
            },
            {
              "extension": [
                {
                  "url": "http://hl7.org/fhir/StructureDefinition/capabilitystatement-expectation",
                  "valueCode": "SHALL"
                }
              ],
              "name": "participating-organization",
              "definition": "https://build.fhir.org/ig/HL7/fhir-directory-query/SearchParameter-organizationAffiliationComplete-participating-organization",
              "type": "token"
            },
            {
              "extension": [
                {
                  "url": "http://hl7.org/fhir/StructureDefinition/capabilitystatement-expectation",
                  "valueCode": "SHALL"
                }
              ],
              "name": "primary-organization",
              "definition": "https://build.fhir.org/ig/HL7/fhir-directory-query/SearchParameter-organizationAffiliationComplete-primary-organization",
              "type": "token"
            },
            {
              "extension": [
                {
                  "url": "http://hl7.org/fhir/StructureDefinition/capabilitystatement-expectation",
                  "valueCode": "SHALL"
                }
              ],
              "name": "role",
              "definition": "https://build.fhir.org/ig/HL7/fhir-directory-query/SearchParameter-organizationAffiliationComplete-role",
              "type": "token"
            },
            {
              "extension": [
                {
                  "url": "http://hl7.org/fhir/StructureDefinition/capabilitystatement-expectation",
                  "valueCode": "SHALL"
                }
              ],
              "name": "service",
              "definition": "https://build.fhir.org/ig/HL7/fhir-directory-query/SearchParameter-organizationAffiliationComplete-service",
              "type": "token"
            },
            {
              "extension": [
                {
                  "url": "http://hl7.org/fhir/StructureDefinition/capabilitystatement-expectation",
                  "valueCode": "SHALL"
                }
              ],
              "name": "specialty",
              "definition": "https://build.fhir.org/ig/HL7/fhir-directory-query/SearchParameter-organizationAffiliationComplete-specialty",
              "type": "token"
            }
          ]
        },
        {
          "type": "Practitioner",
          "supportedProfile": [
            "https://build.fhir.org/ig/HL7/fhir-directory-query/StructureDefinition-NatlDirEndpointQry-PractitionerComplete.html"
          ],
          "_supportedProfile": [
            {
              "extension": [
                {
                  "url": "http://hl7.org/fhir/StructureDefinition/capabilitystatement-expectation",
                  "valueCode": "SHALL"
                }
              ]
            }
          ],
          "searchParam": [
            {
              "extension": [
                {
                  "url": "http://hl7.org/fhir/StructureDefinition/capabilitystatement-expectation",
                  "valueCode": "SHALL"
                }
              ],
              "name": "name",
              "definition": "https://build.fhir.org/ig/HL7/fhir-directory-query/SearchParameter-PractitionerComplete-name",
              "type": "token"
            },
            {
              "extension": [
                {
                  "url": "http://hl7.org/fhir/StructureDefinition/capabilitystatement-expectation",
                  "valueCode": "SHALL"
                }
              ],
              "name": "family",
              "definition": "https://build.fhir.org/ig/HL7/fhir-directory-query/SearchParameter-PractitionerComplete-family",
              "type": "token"
            },
            {
              "extension": [
                {
                  "url": "http://hl7.org/fhir/StructureDefinition/capabilitystatement-expectation",
                  "valueCode": "SHALL"
                }
              ],
              "name": "given",
              "definition": "https://build.fhir.org/ig/HL7/fhir-directory-query/SearchParameter-PractitionerComplete-given",
              "type": "token"
            },
            {
              "extension": [
                {
                  "url": "http://hl7.org/fhir/StructureDefinition/capabilitystatement-expectation",
                  "valueCode": "SHALL"
                }
              ],
              "name": "identifier",
              "definition": "https://build.fhir.org/ig/HL7/fhir-directory-query/SearchParameter-PractitionerComplete-identifier",
              "type": "token"
            },
            {
              "extension": [
                {
                  "url": "http://hl7.org/fhir/StructureDefinition/capabilitystatement-expectation",
                  "valueCode": "SHALL"
                }
              ],
              "name": "identifier-assigner",
              "definition": "https://build.fhir.org/ig/HL7/fhir-directory-query/SearchParameter-PractitionerComplete-identifier-assigner",
              "type": "token"
            },
            {
              "extension": [
                {
                  "url": "http://hl7.org/fhir/StructureDefinition/capabilitystatement-expectation",
                  "valueCode": "SHALL"
                }
              ],
              "name": "qualification-code",
              "definition": "https://build.fhir.org/ig/HL7/fhir-directory-query/SearchParameter-PractitionerComplete-qualification-code",
              "type": "token"
            },
            {
              "extension": [
                {
                  "url": "http://hl7.org/fhir/StructureDefinition/capabilitystatement-expectation",
                  "valueCode": "SHALL"
                }
              ],
              "name": "qualification-issuer",
              "definition": "https://build.fhir.org/ig/HL7/fhir-directory-query/SearchParameter-PractitionerComplete-qualification-issuer",
              "type": "token"
            }
          ]
        },
        {
          "type": "PractitionerRole",
          "supportedProfile": [
            "https://build.fhir.org/ig/HL7/fhir-directory-query/StructureDefinition-NatlDirEndpointQry-PractitionerRoleComplete.html"
          ],
          "_supportedProfile": [
            {
              "extension": [
                {
                  "url": "http://hl7.org/fhir/StructureDefinition/capabilitystatement-expectation",
                  "valueCode": "SHALL"
                }
              ]
            }
          ],
          "searchParam": [
            {
              "extension": [
                {
                  "url": "http://hl7.org/fhir/StructureDefinition/capabilitystatement-expectation",
                  "valueCode": "SHALL"
                }
              ],
              "name": "endpoint",
              "definition": "https://build.fhir.org/ig/HL7/fhir-directory-query/SearchParameter-PractitionerRoleComplete-Endpoint",
              "type": "token"
            },
            {
              "extension": [
                {
                  "url": "http://hl7.org/fhir/StructureDefinition/capabilitystatement-expectation",
                  "valueCode": "SHALL"
                }
              ],
              "name": "location",
              "definition": "https://build.fhir.org/ig/HL7/fhir-directory-query/SearchParameter-PractitionerRoleComplete-location",
              "type": "token"
            },
            {
              "extension": [
                {
                  "url": "http://hl7.org/fhir/StructureDefinition/capabilitystatement-expectation",
                  "valueCode": "SHALL"
                }
              ],
              "name": "network",
              "definition": "https://build.fhir.org/ig/HL7/fhir-directory-query/SearchParameter-PractitionerRoleComplete-network",
              "type": "token"
            },
            {
              "extension": [
                {
                  "url": "http://hl7.org/fhir/StructureDefinition/capabilitystatement-expectation",
                  "valueCode": "SHALL"
                }
              ],
              "name": "organization",
              "definition": "https://build.fhir.org/ig/HL7/fhir-directory-query/SearchParameter-PractitionerRoleComplete-organization",
              "type": "token"
            },
            {
              "extension": [
                {
                  "url": "http://hl7.org/fhir/StructureDefinition/capabilitystatement-expectation",
                  "valueCode": "SHALL"
                }
              ],
              "name": "Practicioner",
              "definition": "https://build.fhir.org/ig/HL7/fhir-directory-query/SearchParameter-PractitionerRoleComplete-Practicioner",
              "type": "token"
            },
            {
              "extension": [
                {
                  "url": "http://hl7.org/fhir/StructureDefinition/capabilitystatement-expectation",
                  "valueCode": "SHALL"
                }
              ],
              "name": "role",
              "definition": "https://build.fhir.org/ig/HL7/fhir-directory-query/SearchParameter-PractitionerRoleComplete-role",
              "type": "token"
            },
            {
              "extension": [
                {
                  "url": "http://hl7.org/fhir/StructureDefinition/capabilitystatement-expectation",
                  "valueCode": "SHALL"
                }
              ],
              "name": "service",
              "definition": "https://build.fhir.org/ig/HL7/fhir-directory-query/SearchParameter-PractitionerRoleComplete-service",
              "type": "token"
            },
            {
              "extension": [
                {
                  "url": "http://hl7.org/fhir/StructureDefinition/capabilitystatement-expectation",
                  "valueCode": "SHALL"
                }
              ],
              "name": "specialty",
              "definition": "https://build.fhir.org/ig/HL7/fhir-directory-query/SearchParameter-PractitionerRoleComplete-specialty",
              "type": "token"
            }
          ]
        },
        {
          "type": "Restriction",
          "supportedProfile": [
            "https://build.fhir.org/ig/HL7/fhir-directory-query/StructureDefinition-NatlDirEndpointQry-Restriction.html"
          ],
          "_supportedProfile": [
            {
              "extension": [
                {
                  "url": "http://hl7.org/fhir/StructureDefinition/capabilitystatement-expectation",
                  "valueCode": "SHALL"
                }
              ]
            }
          ],
          "searchParam": [
            {
              "extension": [
                {
                  "url": "http://hl7.org/fhir/StructureDefinition/capabilitystatement-expectation",
                  "valueCode": "SHALL"
                }
              ],
              "name": "_id",
              "definition": "https://build.fhir.org/ig/HL7/fhir-directory-query/SearchParameter-Restriction-identifier",
              "type": "token"
            },
            {
              "extension": [
                {
                  "url": "http://hl7.org/fhir/StructureDefinition/capabilitystatement-expectation",
                  "valueCode": "SHALL"
                }
              ],
              "name": "_id",
              "definition": "https://build.fhir.org/ig/HL7/fhir-directory-query/SearchParameter-Restriction-identifier",
              "type": "token"
            },
            {
              "extension": [
                {
                  "url": "http://hl7.org/fhir/StructureDefinition/capabilitystatement-expectation",
                  "valueCode": "SHALL"
                }
              ],
              "name": "_lastUpdated",
              "definition": "https://build.fhir.org/ig/HL7/fhir-directory-query/SearchParameter-Restriction-lastUpdated",
              "type": "token"
            },
            {
              "extension": [
                {
                  "url": "http://hl7.org/fhir/StructureDefinition/capabilitystatement-expectation",
                  "valueCode": "SHALL"
                }
              ],
              "name": "plan-type",
              "definition": "https://build.fhir.org/ig/HL7/fhir-directory-query/SearchParameter-Restriction-plan-type",
              "type": "token"
            },
            {
              "extension": [
                {
                  "url": "http://hl7.org/fhir/StructureDefinition/capabilitystatement-expectation",
                  "valueCode": "SHALL"
                }
              ],
              "name": "name",
              "definition": "https://build.fhir.org/ig/HL7/fhir-directory-query/SearchParameter-Restriction-name",
              "type": "token"
            },
            {
              "extension": [
                {
                  "url": "http://hl7.org/fhir/StructureDefinition/capabilitystatement-expectation",
                  "valueCode": "SHALL"
                }
              ],
              "name": "coverage-area",
              "definition": "https://build.fhir.org/ig/HL7/fhir-directory-query/SearchParameter-Restriction-coverage-area",
              "type": "token"
            },
            {
              "extension": [
                {
                  "url": "http://hl7.org/fhir/StructureDefinition/capabilitystatement-expectation",
                  "valueCode": "SHALL"
                }
              ],
              "name": "owned=by",
              "definition": "https://build.fhir.org/ig/HL7/fhir-directory-query/SearchParameter-Restriction-owned-by",
              "type": "token"
            },
            {
              "extension": [
                {
                  "url": "http://hl7.org/fhir/StructureDefinition/capabilitystatement-expectation",
                  "valueCode": "SHALL"
                }
              ],
              "name": "administrated-by",
              "definition": "https://build.fhir.org/ig/HL7/fhir-directory-query/SearchParameter-Restriction-administrated-by",
              "type": "token"
            }
          ]
        },
        {
          "type": "Validation",
          "supportedProfile": [
            "https://build.fhir.org/ig/HL7/fhir-directory-query/StructureDefinition-NatlDirEndpointQry-ValidationComplete.html"
          ],
          "_supportedProfile": [
            {
              "extension": [
                {
                  "url": "http://hl7.org/fhir/StructureDefinition/capabilitystatement-expectation",
                  "valueCode": "MAY"
                }
              ]
            }
          ],
          "searchParam": [
            {
              "extension": [
                {
                  "url": "http://hl7.org/fhir/StructureDefinition/capabilitystatement-expectation",
                  "valueCode": "SHALL"
                }
              ],
              "name": "attestation-who",
              "definition": "https://build.fhir.org/ig/HL7/fhir-directory-query/SearchParameter-ValidationComplete-attestation-who",
              "type": "token"
            },
            {
              "extension": [
                {
                  "url": "http://hl7.org/fhir/StructureDefinition/capabilitystatement-expectation",
                  "valueCode": "SHALL"
                }
              ],
              "name": "primarysource-who",
              "definition": "https://build.fhir.org/ig/HL7/fhir-directory-query/SearchParameter-ValidationComplete-primarysource-who",
              "type": "token"
            },
            {
              "extension": [
                {
                  "url": "http://hl7.org/fhir/StructureDefinition/capabilitystatement-expectation",
                  "valueCode": "SHALL"
                }
              ],
              "name": "target",
              "definition": "https://build.fhir.org/ig/HL7/fhir-directory-query/SearchParameter-ValidationComplete-target",
              "type": "token"
            }
          ]
        },
        {
          "type": "CareTeam",
          "supportedProfile": [
            "https://build.fhir.org/ig/HL7/fhir-directory-query/StructureDefinition-NatlDirEndpointQry-CareTeamComplete.html"
          ],
          "_supportedProfile": [
            {
              "extension": [
                {
                  "url": "http://hl7.org/fhir/StructureDefinition/capabilitystatement-expectation",
                  "valueCode": "MAY"
                }
              ]
            }
          ],
          "searchParam": [
            {
              "extension": [
                {
                  "url": "http://hl7.org/fhir/StructureDefinition/capabilitystatement-expectation",
                  "valueCode": "SHALL"
                }
              ],
              "name": "endpoint",
              "definition": "https://build.fhir.org/ig/HL7/fhir-directory-query/SearchParameter-CareTeamComplete-Endpoint",
              "type": "token"
            },
            {
              "extension": [
                {
                  "url": "http://hl7.org/fhir/StructureDefinition/capabilitystatement-expectation",
                  "valueCode": "SHALL"
                }
              ],
              "name": "location",
              "definition": "https://build.fhir.org/ig/HL7/fhir-directory-query/SearchParameter-CareTeamComplete-location",
              "type": "token"
            },
            {
              "extension": [
                {
                  "url": "http://hl7.org/fhir/StructureDefinition/capabilitystatement-expectation",
                  "valueCode": "SHALL"
                }
              ],
              "name": "name",
              "definition": "https://build.fhir.org/ig/HL7/fhir-directory-query/SearchParameter-CareTeamComplete-name",
              "type": "token"
            },
            {
              "extension": [
                {
                  "url": "http://hl7.org/fhir/StructureDefinition/capabilitystatement-expectation",
                  "valueCode": "SHALL"
                }
              ],
              "name": "organization",
              "definition": "https://build.fhir.org/ig/HL7/fhir-directory-query/SearchParameter-CareTeamComplete-organization",
              "type": "token"
            },
            {
              "extension": [
                {
                  "url": "http://hl7.org/fhir/StructureDefinition/capabilitystatement-expectation",
                  "valueCode": "SHALL"
                }
              ],
              "name": "service",
              "definition": "https://build.fhir.org/ig/HL7/fhir-directory-query/SearchParameter-CareTeamComplete-service",
              "type": "token"
            },
            {
              "extension": [
                {
                  "url": "http://hl7.org/fhir/StructureDefinition/capabilitystatement-expectation",
                  "valueCode": "SHALL"
                }
              ],
              "name": "category",
              "definition": "https://build.fhir.org/ig/HL7/fhir-directory-query/SearchParameter-CareTeamComplete-category",
              "type": "token"
            }
          ]
        }
      ]
    }
  ]
}