{
  "resourceType": "SearchParameter",
  "id": "Endpoint-organization",
  "text": {
    "status": "generated",
    "div": "<div xmlns=\"http://www.w3.org/1999/xhtml\"><p><b>Generated Narrative</b></p><div style=\"display: inline-block; background-color: #d9e0e7; padding: 6px; margin: 4px; border: 1px solid #8da1b4; border-radius: 5px; line-height: 60%\"><p style=\"margin-bottom: 0px\">Resource \"Endpoint-organization\" </p></div><p><b>url</b>: <code>https://build.fhir.org/ig/HL7/fhir-directory-query/SearchParameter-endpoint-organization.html</code></p><p><b>version</b>: 0.0.1</p><p><b>name</b>: NatlDirEndpointQryOrganization</p><p><b>status</b>: active</p><p><b>date</b>: 2022-03-09T14:32:46-05:00</p><p><b>publisher</b>: HL7 Patient Administration Working Group</p><p><b>contact</b>: HL7 Patient Administration Working Group: <a href=\"https://www.hl7.org/Special/committees/pafm/index.cfm\">https://www.hl7.org/Special/committees/pafm/index.cfm</a>,<a href=\"mailto:pafm@lists.HL7.org\">pafm@lists.HL7.org</a></p><p><b>description</b>: Accesses the  organization of an Endpoint</p><p><b>jurisdiction</b>: United States of America <span style=\"background: LightGoldenRodYellow; margin: 4px; border: 1px solid khaki\"> (unknown#US)</span></p><p><b>code</b>: organization</p><p><b>base</b>: Endpoint</p><p><b>type</b>: token</p><p><b>expression</b>: Endpoint.organization</p><p><b>multipleOr</b>: true</p><p><b>multipleAnd</b>: true</p></div>"
  },
  "url": "https://build.fhir.org/ig/HL7/fhir-directory-query/SearchParameter-endpoint-organization.html",
  "version": "0.0.1",
  "name": "NatlDirEndpointQryOrganization",
  "status": "active",
  "date": "2022-03-09T14:32:46-05:00",
  "publisher": "HL7 Patient Administration Working Group",
  "contact": [
    {
      "name": "HL7 Patient Administration Working Group",
      "telecom": [
        {
          "system": "url",
          "value": "https://www.hl7.org/Special/committees/pafm/index.cfm"
        },
        {
          "system": "email",
          "value": "pafm@lists.HL7.org"
        }
      ]
    }
  ],
  "description": "Accesses the  organization of an Endpoint",
  "jurisdiction": [
    {
      "coding": [
        {
          "system": "urn:iso:std:iso:3166",
          "code": "US"
        }
      ]
    }
  ],
  "code": "organization",
  "base": [
    "Endpoint"
  ],
  "type": "token",
  "expression": "Endpoint.organization",
  "multipleOr": true,
  "multipleAnd": true
}