{
  "resourceType": "ValueSet",
  "id": "EndpointUsecaseVS",
  "text": {
    "status": "extensions",
    "div": "<div xmlns=\"http://www.w3.org/1999/xhtml\"><ul><li>Include these codes as defined in <a href=\"http://terminology.hl7.org/3.0.0/CodeSystem-v3-ActReason.html\"><code>http://terminology.hl7.org/CodeSystem/v3-ActReason</code></a><table class=\"none\"><tr><td style=\"white-space:nowrap\"><b>Code</b></td><td><b>Display</b></td><td><b>Definition</b></td></tr><tr><td><a href=\"http://terminology.hl7.org/3.0.0/CodeSystem-v3-ActReason.html#v3-ActReason-TREAT\">TREAT</a></td><td>treatment</td><td>To perform one or more operations on information for provision of health care.</td></tr><tr><td><a href=\"http://terminology.hl7.org/3.0.0/CodeSystem-v3-ActReason.html#v3-ActReason-HPAYMT\">HPAYMT</a></td><td>healthcare payment</td><td>To perform one or more operations on information for conducting financial or contractual activities related to payment for provision of health care.</td></tr><tr><td><a href=\"http://terminology.hl7.org/3.0.0/CodeSystem-v3-ActReason.html#v3-ActReason-COC\">COC</a></td><td>coordination of care</td><td>To perform one or more actions on information in order to organize the provision and case management of an individualâ€™s healthcare, including: Monitoring a person's goals, needs, and preferences; acting as the communication link between two or more participants concerned with a person's health and wellness; organizing and facilitating care activities and promoting self-management by advocating for, empowering, and educating a person; and ensuring safe, appropriate, non-duplicative, and effective integrated care.<br/><br/>*Usage Note:* Use when describing these functions: 1. Monitoring a personâ€™s goals, needs, and preferences. 2. Acting as the communication link between two or more participants concerned with a person's health and wellness. 3. Organizing and facilitating care activities and promoting self-management by advocating for, empowering, and educating a person. 4. Ensuring safe, appropriate, non-duplicative, and effective integrated care.<br/><br/>The goal is to clearly differentiate this type of coordination of care from HIPAA Operations by specifying that these actions on information are undertaken in the provision of healthcare treatment.<br/><br/>For similar uses of this concept, see SAMHSA Confidentiality of Substance Use Disorder Patient Records Supplemental notice of proposed rulemaking, which differentiates concepts of care coordination and case management for the provision of treatment as specifically distinct from activities related to health care delivery management and the operations of organizational entities involved in the delivery of healthcare.<br/><br/>*Map:* Maps to ISO 14265 Classification Terms: &quot;Support of care activities within the provider organisation for an individual subject of care&quot; described as &quot;To inform persons or processes enabling others to provide health care services to the subject of care.&quot; &quot;Subject of Care Uses&quot; described as &quot;To inform the subject of care in support of his or her own interests.&quot;</td></tr><tr><td><a href=\"http://terminology.hl7.org/3.0.0/CodeSystem-v3-ActReason.html#v3-ActReason-COVERAGE\">COVERAGE</a></td><td>eligibility verification and determination</td><td>To perform one or more operations on information for conducting activities related to coverage under a program or policy.</td></tr><tr><td><a href=\"http://terminology.hl7.org/3.0.0/CodeSystem-v3-ActReason.html#v3-ActReason-HOPERAT\">HOPERAT</a></td><td>healthcare operations</td><td>To perform one or more operations on information used for conducting administrative and contractual activities related to the provision of health care.</td></tr><tr><td><a href=\"http://terminology.hl7.org/3.0.0/CodeSystem-v3-ActReason.html#v3-ActReason-PUBHLTH\">PUBHLTH</a></td><td>public health</td><td>To perform one or more operations on information for conducting public health activities, such as the reporting of notifiable conditions.</td></tr><tr><td><a href=\"http://terminology.hl7.org/3.0.0/CodeSystem-v3-ActReason.html#v3-ActReason-HRESCH\">HRESCH</a></td><td>healthcare research</td><td>To perform one or more operations on information for conducting scientific investigations to obtain health care knowledge. Use of the data iincludes basic and applied research such as biomedical, population origin or ancestry, translational research, and disease, discipline, specialty specific healthcare research and clinical trial research.</td></tr><tr><td><a href=\"http://terminology.hl7.org/3.0.0/CodeSystem-v3-ActReason.html#v3-ActReason-ETREAT\">ETREAT</a></td><td>emergency treatment</td><td>To perform one or more operations on information for provision of immediately needed health care for an emergent condition.</td></tr><tr><td><a href=\"http://terminology.hl7.org/3.0.0/CodeSystem-v3-ActReason.html#v3-ActReason-PATRQT\">PATRQT</a></td><td>patient requested</td><td>To perform one or more operations on information in response to a patient's request.</td></tr><tr><td><a href=\"http://terminology.hl7.org/3.0.0/CodeSystem-v3-ActReason.html#v3-ActReason-HRESCH\">HRESCH</a></td><td>healthcare research</td><td>To perform one or more operations on information for conducting scientific investigations to obtain health care knowledge. Use of the data iincludes basic and applied research such as biomedical, population origin or ancestry, translational research, and disease, discipline, specialty specific healthcare research and clinical trial research.</td></tr></table></li></ul></div>"
  },
  "url": "http://hl7.org/fhir/us/fhir-directory-query/ValueSet/EndpointUsecaseVS",
  "version": "0.0.1",
  "name": "EndpointUsecaseVS",
  "title": "Endpoint Usecases",
  "status": "active",
  "date": "2022-01-11T11:42:07-05:00",
  "publisher": "HL7 Patient Administration Working Group",
  "contact": [
    {
      "name": "HL7 Patient Administration Working Group",
      "telecom": [
        {
          "system": "url",
          "value": "https://www.hl7.org/Special/committees/pafm/index.cfm"
        },
        {
          "system": "email",
          "value": "pafm@lists.HL7.org"
        }
      ]
    }
  ],
  "description": "Codes for documenting business use case by a general grouping by business area.",
  "jurisdiction": [
    {
      "coding": [
        {
          "system": "urn:iso:std:iso:3166",
          "code": "US"
        }
      ]
    }
  ],
  "compose": {
    "include": [
      {
        "system": "http://terminology.hl7.org/CodeSystem/v3-ActReason",
        "concept": [
          {
            "code": "TREAT",
            "display": "treatment"
          },
          {
            "code": "HPAYMT",
            "display": "healthcare payment"
          },
          {
            "code": "COC",
            "display": "coordination of care"
          },
          {
            "code": "COVERAGE",
            "display": "eligibility verification and determination"
          },
          {
            "code": "HOPERAT",
            "display": "healthcare operations"
          },
          {
            "code": "PUBHLTH",
            "display": "public health"
          },
          {
            "code": "HRESCH",
            "display": "healthcare research"
          },
          {
            "code": "ETREAT",
            "display": "emergency treatment"
          },
          {
            "code": "PATRQT",
            "display": "patient requested"
          },
          {
            "code": "HRESCH",
            "display": "healthcare research"
          }
        ]
      }
    ]
  }
}