{
  "resourceType": "ValueSet",
  "id": "DeliveryMethodVS",
  "text": {
    "status": "generated",
    "div": "<div xmlns=\"http://www.w3.org/1999/xhtml\"><ul><li>Include all codes defined in <a href=\"CodeSystem-DeliveryMethodCS.html\"><code>http://hl7.org/fhir/us/fhir-directory-query/CodeSystem/DeliveryMethodCS</code></a></li></ul></div>"
  },
  "url": "http://hl7.org/fhir/us/fhir-directory-query/ValueSet/DeliveryMethodVS",
  "version": "0.0.1",
  "name": "DeliveryMethodVS",
  "title": "Delivery Methods",
  "status": "active",
  "date": "2022-04-20T16:26:55-04:00",
  "publisher": "HL7 Patient Administration Working Group",
  "contact": [
    {
      "name": "HL7 Patient Administration Working Group",
      "telecom": [
        {
          "system": "url",
          "value": "https://www.hl7.org/Special/committees/pafm/index.cfm"
        },
        {
          "system": "email",
          "value": "pafm@lists.HL7.org"
        }
      ]
    }
  ],
  "description": "Codes for documenting delivery methods.",
  "jurisdiction": [
    {
      "coding": [
        {
          "system": "urn:iso:std:iso:3166",
          "code": "US"
        }
      ]
    }
  ],
  "compose": {
    "include": [
      {
        "system": "http://hl7.org/fhir/us/fhir-directory-query/CodeSystem/DeliveryMethodCS"
      }
    ]
  }
}